denoiser,input_pose_deg,pose_method,mean_SEavg_x,mean_e1,mean_EhSE_minus_SEavg,mean_SEavg_psnr,n
restormer,0.0,fft3shear,0.0007602525943682023,3.2096438493029266e-05,3.3478513431607383e-05,31.570491579126475,20
restormer,0.0,rot90,0.0007620524363312711,3.201038937573651e-05,3.3343293069156124e-05,31.56444653698972,20
restormer,5.0,fft3shear,0.000782186042989335,3.1356974352184814e-05,3.083773248215848e-05,31.440434093994508,20
restormer,10.0,fft3shear,0.0007870042691154093,3.176738255359993e-05,3.109019908719369e-05,31.40818874716795,20
restormer,15.0,fft3shear,0.0007899508775804779,3.207399684658258e-05,3.128728863245244e-05,31.3952476554607,20
restormer,20.0,fft3shear,0.0007921924606428234,3.2291041145533784e-05,3.141932170447841e-05,31.37519256968589,20
restormer,25.0,fft3shear,0.0007937438822978668,3.212630338804517e-05,3.1167807700146e-05,31.370249456417703,20
restormer,30.0,fft3shear,0.0007956128899671488,3.1972130086523176e-05,3.102677790797764e-05,31.363517076855846,20
restormer,35.0,fft3shear,0.0007985769483556084,3.187298298614116e-05,3.1025900622195604e-05,31.345177616996796,20
restormer,40.0,fft3shear,0.000801603916799905,3.139927985706279e-05,3.03793182096869e-05,31.325776091785578,20
restormer,45.0,fft3shear,0.0007991103214515623,3.177236963274145e-05,3.0524189178505e-05,31.330517155141507,20
restormer,50.0,fft3shear,0.0007997076078767673,3.089772974283486e-05,2.9952425718911404e-05,31.330852227553038,20
restormer,55.0,fft3shear,0.000800043160259568,3.128287628692316e-05,3.0333855994801126e-05,31.32898577937103,20
restormer,60.0,fft3shear,0.000797704061612819,3.126339182125909e-05,3.0145205769856473e-05,31.33947493870163,20
restormer,65.0,fft3shear,0.0007939868521657281,3.179714413644343e-05,3.0837521808624375e-05,31.36678456690161,20
restormer,70.0,fft3shear,0.0007917884246686676,3.173694471999185e-05,3.090294988174269e-05,31.379892447304353,20
restormer,75.0,fft3shear,0.0007899781344089423,3.1518410413381684e-05,3.0882146882547636e-05,31.388994137912153,20
restormer,80.0,fft3shear,0.0007868023279472369,3.143407810534753e-05,3.0924623803708034e-05,31.405035992620004,20
restormer,85.0,fft3shear,0.0007822938152858962,3.132356330191994e-05,3.0894351601826246e-05,31.437080939515482,20
restormer,90.0,fft3shear,0.0007593668733150456,3.202016680488106e-05,3.3371787561249346e-05,31.573602029193967,20
restormer,90.0,rot90,0.0007593854347987419,3.1958843834208754e-05,3.323479995905611e-05,31.5848680629805,20
restormer-aug,0.0,fft3shear,0.0007627631139394755,3.2491345931469963e-05,3.385803081263188e-05,31.554691659822794,20
restormer-aug,0.0,rot90,0.0007645997068072869,3.2486794064254604e-05,3.380900340226911e-05,31.548145166898745,20
restormer-aug,5.0,fft3shear,0.0007847811355477536,3.2189724939642014e-05,3.165735618905322e-05,31.425174955964156,20
restormer-aug,10.0,fft3shear,0.0007897846248097788,3.2729792319825103e-05,3.203621534543617e-05,31.392156068527953,20
restormer-aug,15.0,fft3shear,0.0007926113809740376,3.3132834810927696e-05,3.2330695065921605e-05,31.379264284599447,20
restormer-aug,20.0,fft3shear,0.0007946484795145732,3.333061727370337e-05,3.24382690678988e-05,31.360520096478762,20
restormer-aug,25.0,fft3shear,0.0007967847984638937,3.328892750409453e-05,3.23101497108564e-05,31.35269523224769,20
restormer-aug,30.0,fft3shear,0.0007990684005419367,3.314537658725339e-05,3.217404269164218e-05,31.344162737461623,20
restormer-aug,35.0,fft3shear,0.0008020118788679944,3.3049772934224994e-05,3.217161884693437e-05,31.32613411956863,20
restormer-aug,40.0,fft3shear,0.0008053994241476561,3.272646838010738e-05,3.169343284593384e-05,31.304888391658857,20
restormer-aug,45.0,fft3shear,0.0008033354186286104,3.3120473026488884e-05,3.18789677403314e-05,31.30744886511125,20
restormer-aug,50.0,fft3shear,0.000803573257363806,3.210441348340781e-05,3.113995957435426e-05,31.309652433252797,20
restormer-aug,55.0,fft3shear,0.0008038656708408432,3.251141968975098e-05,3.153941545266082e-05,31.30773891798392,20
restormer-aug,60.0,fft3shear,0.000801000246075795,3.250829434107575e-05,3.1371190842469576e-05,31.319987164443823,20
restormer-aug,65.0,fft3shear,0.0007966487457038158,3.29377376566044e-05,3.1956232519267604e-05,31.350959156617677,20
restormer-aug,70.0,fft3shear,0.000794284922475892,3.2761565046411957e-05,3.189816436829033e-05,31.365224688253143,20
restormer-aug,75.0,fft3shear,0.0007924346808322108,3.255978335483644e-05,3.190584706866319e-05,31.37414540426961,20
restormer-aug,80.0,fft3shear,0.0007893820567245854,3.239844723992338e-05,3.185900211348111e-05,31.389501229708536,20
restormer-aug,85.0,fft3shear,0.0007845583625732966,3.2278705930284326e-05,3.183216408688006e-05,31.42281759210791,20
restormer-aug,90.0,fft3shear,0.0007620157826070714,3.249636985461866e-05,3.383951063066629e-05,31.5572687236906,20
restormer-aug,90.0,rot90,0.0007621182275588229,3.249497883698407e-05,3.376821470381402e-05,31.567916902166314,20
wavelet,0.0,fft3shear,0.0011459250647318227,0.00042035796579112974,0.00042464078450855203,29.64385753446764,20
wavelet,0.0,rot90,0.00114748141945633,0.0004196840298323781,0.00042394410945967005,29.641181584972223,20
wavelet,5.0,fft3shear,0.001175838914749916,0.0004200870605663703,0.00042299531383790023,29.519587499102574,20
wavelet,10.0,fft3shear,0.0011815801376088217,0.0004202672630255489,0.0004230370806469506,29.49646736118486,20
wavelet,15.0,fft3shear,0.0011871517813458736,0.0004205315893589354,0.00042321081423701384,29.472561688379166,20
wavelet,20.0,fft3shear,0.001189015785605489,0.00042087078543363973,0.00042351602407773034,29.46213360619376,20
wavelet,25.0,fft3shear,0.001192924061255236,0.0004207269611224071,0.000423290966666368,29.445045630780136,20
wavelet,30.0,fft3shear,0.0011945696628882386,0.0004221157017387767,0.0004245822255958331,29.437343034002744,20
wavelet,35.0,fft3shear,0.0011992502295359259,0.00042094667371960024,0.0004235381273294513,29.421287211893578,20
wavelet,40.0,fft3shear,0.0012031342859433211,0.000420018001643063,0.0004224962912872792,29.404331186424276,20
wavelet,45.0,fft3shear,0.0011988895990198798,0.0004207792874072828,0.0004231877833738725,29.412906928591077,20
wavelet,50.0,fft3shear,0.00120085310504909,0.00042065488254511095,0.0004233233888720706,29.4049653263318,20
wavelet,55.0,fft3shear,0.0012055503238141874,0.0004199353270315469,0.0004226450321241454,29.387471227407854,20
wavelet,60.0,fft3shear,0.0012035718094070354,0.000421328020929264,0.0004238686355793104,29.392215692089547,20
wavelet,65.0,fft3shear,0.0011972926913175791,0.000421189874391251,0.0004238105422076684,29.419930945167287,20
wavelet,70.0,fft3shear,0.0011910949716508667,0.0004209931536692908,0.0004236979914049829,29.44773117394778,20
wavelet,75.0,fft3shear,0.0011867174194891551,0.00042040040152625054,0.00042323309542168126,29.4685579591239,20
wavelet,80.0,fft3shear,0.001182108873804585,0.000420535902555365,0.0004234896421055342,29.48735271823201,20
wavelet,85.0,fft3shear,0.001176562789475848,0.00042002279808131136,0.000422987807335107,29.515514639945177,20
wavelet,90.0,fft3shear,0.0011453434382569614,0.0004197682334177694,0.0004241166646199593,29.6462025422665,20
wavelet,90.0,rot90,0.00114585059852114,0.000420807649664423,0.00042504760794461377,29.64728818788684,20
