dataset,file,image_index,model,sigma,input_pose,input_angle_deg,input_pad,input_rotate_expand,input_height,input_width,eval_mask,eval_mask_pixels,eval_mask_fraction,group,group_size,group_expand,group_expand_policy,noisy_psnr,noisy_ssim,vanilla_psnr,vanilla_ssim,group_avg_psnr,group_avg_ssim,group_avg_minus_vanilla_psnr,group_avg_minus_vanilla_ssim,group_avg_vs_vanilla_mse,group_avg_vs_vanilla_psnr
val_images_circle,test001.png,0,restormer,15.0,upright,0.0,100,False,521,521,circle,80892.0,0.2980095148086548,fourier_rotation,16,True,downstream,24.58855031551589,0.7375510615233892,28.95496857483158,0.848475822701874,27.42880027585177,0.8209083948350887,-1.5261682989798082,-0.027567427866785343,0.0005605357906287038,32.51396652156784
val_images_circle,test001.png,0,restormer,15.0,rot30_padded,30.0,100,False,521,521,circle,80896.0,0.2980242371559143,fourier_rotation,16,False,downstream,24.611650068337983,0.741538760028308,28.80018907554671,0.8460050172443632,28.825079477826346,0.8467142612119264,0.02489040227963457,0.0007092439675632223,9.618923539602303e-06,50.168735274392034
val_images_circle,test001.png,0,restormer,15.0,rot45_padded,45.0,100,False,521,521,circle,80887.0,0.2979910969734192,fourier_rotation,16,False,downstream,24.60157594128152,0.7421604560992495,28.771374330801933,0.8445465394624599,28.811531418792484,0.8454188984323809,0.04015708799055062,0.0008723589699209944,8.53484838275074e-06,50.68804189501746
val_images_circle,test001.png,0,restormer,15.0,rot60_padded,60.0,100,False,521,521,circle,80896.0,0.2980242371559143,fourier_rotation,16,False,downstream,24.610865567445384,0.7414403022090091,28.791315344614553,0.8449518710752076,28.81767975815597,0.8452986705152294,0.026364413541415388,0.0003467994400218055,9.295487145692864e-06,50.31727845360345
val_images_circle,test002.png,1,restormer,15.0,upright,0.0,100,False,521,521,circle,80892.0,0.2980095148086548,fourier_rotation,16,True,downstream,24.620467281362366,0.6241164434523809,31.00060393287858,0.9024850456472828,28.43556768630471,0.8066569952065717,-2.565036246573868,-0.09582805044071108,0.0006680365268503742,31.751997905546013
val_images_circle,test002.png,1,restormer,15.0,rot30_padded,30.0,100,False,521,521,circle,80896.0,0.2980242371559143,fourier_rotation,16,False,downstream,24.646020236525086,0.6312538822994956,30.73684693420017,0.8948154690899427,30.80293690110668,0.8963297590424743,0.06608996690651026,0.0015142899525315556,1.5268973192742352e-05,48.16190167378406
val_images_circle,test002.png,1,restormer,15.0,rot45_padded,45.0,100,False,521,521,circle,80887.0,0.2979910969734192,fourier_rotation,16,False,downstream,24.58611920561222,0.6283644061313932,30.58668873376402,0.892251883800858,30.682366336470494,0.8943088622090076,0.09567760270647341,0.002056978408149668,1.379864438125671e-05,48.60163577849378
val_images_circle,test002.png,1,restormer,15.0,rot60_padded,60.0,100,False,521,521,circle,80896.0,0.2980242371559143,fourier_rotation,16,False,downstream,24.64143350433888,0.6289126239245451,30.636515104643742,0.8926598271237144,30.687794692731124,0.8943467924866495,0.05127958808738242,0.0016869653629351111,1.5317201555435417e-05,48.148205728266106
val_images_circle,test003.png,2,restormer,15.0,upright,0.0,100,False,521,521,circle,80892.0,0.2980095148086548,fourier_rotation,16,True,downstream,24.578428544562474,0.6528410372780992,31.11979409203971,0.9088860378653019,28.076092967421747,0.7802842061019631,-3.0437011246179644,-0.12860183176333873,0.0008127592334182363,30.900380879655657
val_images_circle,test003.png,2,restormer,15.0,rot30_padded,30.0,100,False,521,521,circle,80896.0,0.2980242371559143,fourier_rotation,16,False,downstream,24.601408237403504,0.66110833083527,30.613074160687933,0.9025846070881132,30.728576637325276,0.9045018063315863,0.11550247663734226,0.001917199243473111,2.1492281362791603e-05,46.67717482568821
val_images_circle,test003.png,2,restormer,15.0,rot45_padded,45.0,100,False,521,521,circle,80887.0,0.2979910969734192,fourier_rotation,16,False,downstream,24.62571621590035,0.6634926946697244,30.569652504513115,0.9024009768256951,30.740613374230918,0.9051639942141506,0.17096086971780267,0.0027630173884555242,2.1300885972299102e-05,46.716023324824576
val_images_circle,test003.png,2,restormer,15.0,rot60_padded,60.0,100,False,521,521,circle,80896.0,0.2980242371559143,fourier_rotation,16,False,downstream,24.668061517553205,0.6639560264877126,30.65876552328192,0.9038126498838014,30.771820069032447,0.9052859921998615,0.11305454575052565,0.0014733423160601111,2.0017779632648335e-05,46.98584096025843
val_images_circle,test004.png,3,restormer,15.0,upright,0.0,100,False,521,521,circle,80892.0,0.2980095148086548,fourier_rotation,16,True,downstream,24.622966670423597,0.5536256578988034,33.57085643941097,0.9242180159966374,28.62862443299062,0.7257844564357415,-4.9422320064203475,-0.19843355956089592,0.0009344330422515031,30.294518129823395
val_images_circle,test004.png,3,restormer,15.0,rot30_padded,30.0,100,False,521,521,circle,80896.0,0.2980242371559143,fourier_rotation,16,False,downstream,24.61427889490931,0.5559231239029124,33.278076194721024,0.9207401517071302,33.31988757709031,0.9213965693606606,0.04181138236928916,0.0006564176535304167,6.3246477076995975e-06,51.989636603281326
val_images_circle,test004.png,3,restormer,15.0,rot45_padded,45.0,100,False,521,521,circle,80887.0,0.2979910969734192,fourier_rotation,16,False,downstream,24.61086745605535,0.5565255676901109,33.283313631089854,0.9209496156675362,33.322237068129596,0.9217556204952588,0.03892343703974177,0.0008060048277226395,5.9023059751026345e-06,52.289782804588505
val_images_circle,test004.png,3,restormer,15.0,rot60_padded,60.0,100,False,521,521,circle,80896.0,0.2980242371559143,fourier_rotation,16,False,downstream,24.61912746301545,0.5569672886329361,33.34871944957966,0.9210573993151701,33.36739221502109,0.9215043466302413,0.018672765441429817,0.0004469473150712222,5.962913620132434e-06,52.24541481878737
val_images_circle,test005.png,4,restormer,15.0,upright,0.0,100,False,521,521,circle,80892.0,0.2980095148086548,fourier_rotation,16,True,downstream,24.584735052728995,0.6742678509617762,30.08017964908507,0.8989782480035109,28.08821163889714,0.8380775061192701,-1.9919680101879322,-0.06090074188424077,0.0005766827516773184,32.3906303794819
val_images_circle,test005.png,4,restormer,15.0,rot30_padded,30.0,100,False,521,521,circle,80896.0,0.2980242371559143,fourier_rotation,16,False,downstream,24.610620676806825,0.6769387450399278,29.861947427504152,0.8927734954447686,29.8895990887749,0.8934959701344937,0.027651661270748917,0.0007224746897250833,1.3134887300526039e-05,48.81573649179367
val_images_circle,test005.png,4,restormer,15.0,rot45_padded,45.0,100,False,521,521,circle,80887.0,0.2979910969734192,fourier_rotation,16,False,downstream,24.61740528434856,0.6770975152836674,29.716374990310594,0.8901087512517463,29.780029101655874,0.8913431121502837,0.06365411134527932,0.0012343608985374566,1.3054834241080776e-05,48.84228638099249
val_images_circle,test005.png,4,restormer,15.0,rot60_padded,60.0,100,False,521,521,circle,80896.0,0.2980242371559143,fourier_rotation,16,False,downstream,24.62807941292511,0.6783370488806616,29.87819229602661,0.8933999749678599,29.902002097203713,0.8940088779111451,0.02380980117710152,0.0006089029432851945,1.3976260618884353e-05,48.54609009550022
val_images_circle,test006.png,5,restormer,15.0,upright,0.0,100,False,521,521,circle,80892.0,0.2980095148086548,fourier_rotation,16,True,downstream,24.606926374780965,0.44544239927928597,35.76100743652772,0.9454965803169658,30.00327942531782,0.7431587506335608,-5.757728011209899,-0.20233782968340497,0.0007337947359355298,31.34425408091589
val_images_circle,test006.png,5,restormer,15.0,rot30_padded,30.0,100,False,521,521,circle,80896.0,0.2980242371559143,fourier_rotation,16,False,downstream,24.62732712492576,0.45309617247762557,35.14132077677538,0.9374326874938192,35.18688919910906,0.9381484985351562,0.0455684223336803,0.000715811041337,7.05660904368645e-06,51.51403943055165
val_images_circle,test006.png,5,restormer,15.0,rot45_padded,45.0,100,False,521,521,circle,80887.0,0.2979910969734192,fourier_rotation,16,False,downstream,24.61062917008972,0.4531665799974038,35.01979416971219,0.9367651785824669,35.127368049628856,0.9377931365670626,0.10757387991666434,0.001027957984595762,6.118704504041617e-06,52.13340520060899
val_images_circle,test006.png,5,restormer,15.0,rot60_padded,60.0,100,False,521,521,circle,80896.0,0.2980242371559143,fourier_rotation,16,False,downstream,24.62837903292538,0.45126888420008404,35.14444529454393,0.9373202746427511,35.17592803004654,0.9381336260445511,0.031482735502613934,0.0008133514017999444,6.430771325632364e-06,51.9173693339371
val_images_circle,test007.png,6,restormer,15.0,upright,0.0,100,False,521,521,circle,80892.0,0.2980095148086548,fourier_rotation,16,True,downstream,24.61797549824176,0.7021032866352668,31.310762547246235,0.912204312540177,28.187560359648167,0.820834994498838,-3.123202187598068,-0.09136931804133896,0.0007989758265771221,30.974663602892374
val_images_circle,test007.png,6,restormer,15.0,rot30_padded,30.0,100,False,521,521,circle,80896.0,0.2980242371559143,fourier_rotation,16,False,downstream,24.654354129747897,0.7041485943371737,31.109701586394415,0.9095688831957081,31.149280675362945,0.9102170920070214,0.03957908896853013,0.0006482088113133333,8.576987252299545e-06,50.666652353997975
val_images_circle,test007.png,6,restormer,15.0,rot45_padded,45.0,100,False,521,521,circle,80887.0,0.2979910969734192,fourier_rotation,16,False,downstream,24.614864839819724,0.7042305643212136,31.09951829366998,0.9097685080729907,31.16695947813185,0.9107248963059577,0.06744118446187031,0.0009563882329669537,9.325100877532096e-06,50.30346461361788
val_images_circle,test007.png,6,restormer,15.0,rot60_padded,60.0,100,False,521,521,circle,80896.0,0.2980242371559143,fourier_rotation,16,False,downstream,24.6125185851415,0.7035918899729282,31.08557441422082,0.9078062033351464,31.114606890040445,0.9083215254771558,0.029032475819626313,0.0005153221420094445,1.015051863380248e-05,49.93511767204541
val_images_circle,test008.png,7,restormer,15.0,upright,0.0,100,False,521,521,circle,80892.0,0.2980095148086548,fourier_rotation,16,True,downstream,24.610712873792995,0.7624151356901795,28.9309848429281,0.8928376338204025,27.3264544794611,0.846110496866192,-1.6045303634670027,-0.04672713695421049,0.0006098053324843281,32.1480878223631
val_images_circle,test008.png,7,restormer,15.0,rot30_padded,30.0,100,False,521,521,circle,80896.0,0.2980242371559143,fourier_rotation,16,False,downstream,24.592813404264767,0.7627757591537282,28.658420820603094,0.8886100672468354,28.713931675101673,0.8894428301461136,0.05551085449857851,0.0008327628992781388,2.069284850613603e-05,46.8417972173901
val_images_circle,test008.png,7,restormer,15.0,rot45_padded,45.0,100,False,521,521,circle,80887.0,0.2979910969734192,fourier_rotation,16,False,downstream,24.590727582608064,0.7636268903686625,28.624141618536044,0.8883062752667301,28.698305762661,0.8895261483612942,0.07416414412495698,0.0012198730945640612,1.8321129763058727e-05,47.37047749296218
val_images_circle,test008.png,7,restormer,15.0,rot60_padded,60.0,100,False,521,521,circle,80896.0,0.2980242371559143,fourier_rotation,16,False,downstream,24.619116072831268,0.7633507644073873,28.708521258630356,0.8890135559854628,28.758345272010516,0.8897589188587817,0.04982401338016018,0.0007453628733188333,1.774094645169717e-05,47.510232149560885
val_images_circle,test009.png,8,restormer,15.0,upright,0.0,100,False,521,521,circle,80892.0,0.2980095148086548,fourier_rotation,16,True,downstream,24.582315447905728,0.6501254179955991,31.46627636505654,0.9145113044244177,28.279112890333067,0.7865660676426594,-3.187163474723473,-0.1279452367817584,0.0008043157048120005,30.945734513190878
val_images_circle,test009.png,8,restormer,15.0,rot30_padded,30.0,100,False,521,521,circle,80896.0,0.2980242371559143,fourier_rotation,16,False,downstream,24.593560680565837,0.6520392985283574,31.383126133630704,0.9145998411540743,31.434649335028464,0.9150916956648042,0.05152320139776023,0.0004918545107298611,7.738659889260425e-06,51.11334239974652
val_images_circle,test009.png,8,restormer,15.0,rot45_padded,45.0,100,False,521,521,circle,80887.0,0.2979910969734192,fourier_rotation,16,False,downstream,24.625818895970056,0.6539582225821208,31.366893297792725,0.9151422277374609,31.43043648803888,0.9157269555058292,0.06354319024615407,0.000584727768368265,8.292120483701022e-06,50.813343962759134
val_images_circle,test009.png,8,restormer,15.0,rot60_padded,60.0,100,False,521,521,circle,80896.0,0.2980242371559143,fourier_rotation,16,False,downstream,24.611455824844736,0.6525909810126582,31.391075319664864,0.9154411026194126,31.438990573734817,0.9158360927919799,0.04791525406995234,0.00039499017256727775,8.97772047267873e-06,50.46833920772531
val_images_circle,test010.png,9,restormer,15.0,upright,0.0,100,False,521,521,circle,80892.0,0.2980095148086548,fourier_rotation,16,True,downstream,24.6034165025577,0.5637503167803986,32.40691179633222,0.9068926392597537,28.667232497519844,0.7335859946749987,-3.739679298812373,-0.17330664458475498,0.0007970082101414926,30.985372048262455
val_images_circle,test010.png,9,restormer,15.0,rot30_padded,30.0,100,False,521,521,circle,80896.0,0.2980242371559143,fourier_rotation,16,False,downstream,24.608723597513915,0.5663575281070757,32.31936308892984,0.9063112283054786,32.34341273955988,0.9067229258863232,0.024049650630040276,0.0004116975808445833,4.490688988420216e-06,53.47687021822186
val_images_circle,test010.png,9,restormer,15.0,rot45_padded,45.0,100,False,521,521,circle,80887.0,0.2979910969734192,fourier_rotation,16,False,downstream,24.621837543337012,0.567471200177408,32.32159199996228,0.9066297736348239,32.34944724022825,0.9071698789669539,0.027855240265971304,0.0005401053321300031,4.3415296830385485e-06,53.623572253597686
val_images_circle,test010.png,9,restormer,15.0,rot60_padded,60.0,100,False,521,521,circle,80896.0,0.2980242371559143,fourier_rotation,16,False,downstream,24.621445987310278,0.5666006546986254,32.32222236494631,0.9055485785761966,32.34195831525768,0.9060008374950553,0.019735950311364547,0.0004522589188586945,4.800112440569114e-06,53.187485893438364
val_images_circle,test001.png,0,restormer-aug,15.0,upright,0.0,100,False,521,521,circle,80892.0,0.2980095148086548,fourier_rotation,16,True,downstream,24.58855031551589,0.7375510615233892,28.924485118302776,0.8469971922439796,28.615579622579528,0.8461724042550561,-0.30890549572324844,-0.0008247879889234921,0.00012173603368914871,39.14580852204969
val_images_circle,test001.png,0,restormer-aug,15.0,rot30_padded,30.0,100,False,521,521,circle,80896.0,0.2980242371559143,fourier_rotation,16,False,downstream,24.611650068337983,0.741538760028308,28.760820194791794,0.8445645102971717,28.799459260572068,0.8455933196635186,0.03863906578027354,0.0010288093663468612,1.3399676160438905e-05,48.72905697413841
val_images_circle,test001.png,0,restormer-aug,15.0,rot45_padded,45.0,100,False,521,521,circle,80887.0,0.2979910969734192,fourier_rotation,16,False,downstream,24.60157594128152,0.7421604560992495,28.738767393825682,0.84342267221556,28.783844765435283,0.84441556971454,0.0450773716096009,0.0009928974989800166,1.1820833798587402e-05,49.27351888822435
val_images_circle,test001.png,0,restormer-aug,15.0,rot60_padded,60.0,100,False,521,521,circle,80896.0,0.2980242371559143,fourier_rotation,16,False,downstream,24.610865567445384,0.7414403022090091,28.7584025117529,0.8436915723583366,28.78996948003842,0.8441778255414359,0.031566968285517305,0.00048625318309936105,1.2599866059196146e-05,48.99634071553961
val_images_circle,test002.png,1,restormer-aug,15.0,upright,0.0,100,False,521,521,circle,80892.0,0.2980095148086548,fourier_rotation,16,True,downstream,24.620467281362366,0.6241164434523809,30.971998041184044,0.9018240563034664,29.13544190337142,0.8172546999394255,-1.8365561378126252,-0.08456935636404095,0.00045050729637370466,33.46298170835468
val_images_circle,test002.png,1,restormer-aug,15.0,rot30_padded,30.0,100,False,521,521,circle,80896.0,0.2980242371559143,fourier_rotation,16,False,downstream,24.646020236525086,0.6312538822994956,30.707125688501247,0.8937973795057852,30.781184095539217,0.8954479362391219,0.0740584070379704,0.0016505567333366944,1.8479638508980786e-05,47.33306528521237
val_images_circle,test002.png,1,restormer-aug,15.0,rot45_padded,45.0,100,False,521,521,circle,80887.0,0.2979910969734192,fourier_rotation,16,False,downstream,24.58611920561222,0.6283644061313932,30.545857761044775,0.8910578955827265,30.66027052332043,0.8937134134656991,0.11441276227565567,0.00265551788297258,1.64479535658269e-05,47.83888128738661
val_images_circle,test002.png,1,restormer-aug,15.0,rot60_padded,60.0,100,False,521,521,circle,80896.0,0.2980242371559143,fourier_rotation,16,False,downstream,24.64143350433888,0.6289126239245451,30.598490499322452,0.8916334321227255,30.66460444564553,0.8936545456512065,0.06611394632307821,0.002021113528481,1.7819995402440995e-05,47.4909241234711
val_images_circle,test003.png,2,restormer-aug,15.0,upright,0.0,100,False,521,521,circle,80892.0,0.2980095148086548,fourier_rotation,16,True,downstream,24.578428544562474,0.6528410372780992,31.060423963700863,0.9072705544120556,29.313410072077666,0.8313246751841962,-1.7470138916231974,-0.07594587922785945,0.00044786749115767395,33.48850460045201
val_images_circle,test003.png,2,restormer-aug,15.0,rot30_padded,30.0,100,False,521,521,circle,80896.0,0.2980242371559143,fourier_rotation,16,False,downstream,24.601408237403504,0.66110833083527,30.553066482318023,0.9008829623838014,30.67982555071591,0.9027860617335839,0.12675906839788809,0.0019030993497825,2.6447330071013184e-05,45.77618164610012
val_images_circle,test003.png,2,restormer-aug,15.0,rot45_padded,45.0,100,False,521,521,circle,80887.0,0.2979910969734192,fourier_rotation,16,False,downstream,24.62571621590035,0.6634926946697244,30.48941600714706,0.9000852462385798,30.67885141315086,0.9032983514038102,0.18943540600379905,0.0032131051652304343,2.5238964786289255e-05,45.979284622972486
val_images_circle,test003.png,2,restormer-aug,15.0,rot60_padded,60.0,100,False,521,521,circle,80896.0,0.2980242371559143,fourier_rotation,16,False,downstream,24.668061517553205,0.6639560264877126,30.595569299102905,0.9017250930206685,30.720199740691292,0.9034601525415348,0.12463044158838699,0.0017350595208662778,2.4035181024972396e-05,46.19152602561732
val_images_circle,test004.png,3,restormer-aug,15.0,upright,0.0,100,False,521,521,circle,80892.0,0.2980095148086548,fourier_rotation,16,True,downstream,24.622966670423597,0.5536256578988034,33.519373025612616,0.9232098237464768,30.709366051602245,0.8133283614263462,-2.8100069740103706,-0.10988146232013052,0.0004128609520388199,33.841961903052315
val_images_circle,test004.png,3,restormer-aug,15.0,rot30_padded,30.0,100,False,521,521,circle,80896.0,0.2980242371559143,fourier_rotation,16,False,downstream,24.61427889490931,0.5559231239029124,33.23507026512531,0.919833026354826,33.29345393591598,0.9207836102835739,0.05838367079066842,0.0009505839287479168,7.74273663594187e-06,51.111055127243795
val_images_circle,test004.png,3,restormer-aug,15.0,rot45_padded,45.0,100,False,521,521,circle,80887.0,0.2979910969734192,fourier_rotation,16,False,downstream,24.61086745605535,0.5565255676901109,33.244699629443254,0.9203656605820466,33.30533479235318,0.921349575642563,0.0606351629099251,0.000983915060516427,7.1420250354923276e-06,51.46178631774557
val_images_circle,test004.png,3,restormer-aug,15.0,rot60_padded,60.0,100,False,521,521,circle,80896.0,0.2980242371559143,fourier_rotation,16,False,downstream,24.61912746301545,0.5569672886329361,33.321579575600126,0.920511366445807,33.357524219664256,0.9210586547851562,0.03594464406413067,0.00054728833934925,7.262695109165168e-06,51.38902187311339
val_images_circle,test005.png,4,restormer-aug,15.0,upright,0.0,100,False,521,521,circle,80892.0,0.2980095148086548,fourier_rotation,16,True,downstream,24.584735052728995,0.6742678509617762,30.052185173025663,0.8982358422340899,28.83108269231326,0.8515051318424566,-1.2211024807124033,-0.046730710391633346,0.0003438887902420965,34.63581980663438
val_images_circle,test005.png,4,restormer-aug,15.0,rot30_padded,30.0,100,False,521,521,circle,80896.0,0.2980242371559143,fourier_rotation,16,False,downstream,24.610620676806825,0.6769387450399278,29.827500872032463,0.8918784419192544,29.869121847483527,0.8927804488169996,0.04162097545106391,0.0009020068977452222,1.5533088612122626e-05,48.087421802126215
val_images_circle,test005.png,4,restormer-aug,15.0,rot45_padded,45.0,100,False,521,521,circle,80887.0,0.2979910969734192,fourier_rotation,16,False,downstream,24.61740528434856,0.6770975152836674,29.68576691212853,0.8889734869323872,29.75470779897648,0.8903288692867828,0.06894088684795108,0.0013553823543955845,1.5241280607991077e-05,48.16978541026708
val_images_circle,test005.png,4,restormer-aug,15.0,rot60_padded,60.0,100,False,521,521,circle,80896.0,0.2980242371559143,fourier_rotation,16,False,downstream,24.62807941292511,0.6783370488806616,29.84298860222742,0.8922115277640427,29.875074642145123,0.8929264696338509,0.03208603991770431,0.0007149418698082499,1.653856037868352e-05,47.815022968877365
val_images_circle,test006.png,5,restormer-aug,15.0,upright,0.0,100,False,521,521,circle,80892.0,0.2980095148086548,fourier_rotation,16,True,downstream,24.606926374780965,0.44544239927928597,35.681617409225304,0.944470714038471,30.80700591232179,0.7489385925060574,-4.874611496903512,-0.19553212153241362,0.0005819015284117008,32.351505020953056
val_images_circle,test006.png,5,restormer-aug,15.0,rot30_padded,30.0,100,False,521,521,circle,80896.0,0.2980242371559143,fourier_rotation,16,False,downstream,24.62732712492576,0.45309617247762557,35.06563574150027,0.936608036862144,35.15799232670536,0.9375560132763053,0.09235658520508849,0.0009479764141613334,9.144718988645302e-06,50.38829635573656
val_images_circle,test006.png,5,restormer-aug,15.0,rot45_padded,45.0,100,False,521,521,circle,80887.0,0.2979910969734192,fourier_rotation,16,False,downstream,24.61062917008972,0.4531665799974038,34.9591543753651,0.935894944490462,35.08505257422372,0.9371445658758515,0.1258981988586143,0.0012496213853895322,7.497418660286462e-06,51.25088237216367
val_images_circle,test006.png,5,restormer-aug,15.0,rot60_padded,60.0,100,False,521,521,circle,80896.0,0.2980242371559143,fourier_rotation,16,False,downstream,24.62837903292538,0.45126888420008404,35.08575010749306,0.9364395141601562,35.14918639090364,0.9375596831116495,0.06343628341057439,0.00112016895149325,7.971013082733637e-06,50.98486478066853
val_images_circle,test007.png,6,restormer-aug,15.0,upright,0.0,100,False,521,521,circle,80892.0,0.2980095148086548,fourier_rotation,16,True,downstream,24.61797549824176,0.7021032866352668,31.288127911650218,0.9116058100615636,29.515825984515523,0.8615624265996638,-1.772301927134695,-0.05004338346189985,0.0003995431823534292,33.984362755632034
val_images_circle,test007.png,6,restormer-aug,15.0,rot30_padded,30.0,100,False,521,521,circle,80896.0,0.2980242371559143,fourier_rotation,16,False,downstream,24.654354129747897,0.7041485943371737,31.077890163330046,0.9090978888016713,31.132621504432546,0.9098337873627868,0.05473134110249944,0.0007358985611154445,1.105235865976237e-05,49.565450302495265
val_images_circle,test007.png,6,restormer-aug,15.0,rot45_padded,45.0,100,False,521,521,circle,80887.0,0.2979910969734192,fourier_rotation,16,False,downstream,24.614864839819724,0.7042305643212136,31.073979463229612,0.9093379305389,31.1449039437475,0.9102431285311607,0.07092448051788836,0.0009051979922607423,1.1824055472119093e-05,49.272335414679645
val_images_circle,test007.png,6,restormer-aug,15.0,rot60_padded,60.0,100,False,521,521,circle,80896.0,0.2980242371559143,fourier_rotation,16,False,downstream,24.6125185851415,0.7035918899729282,31.053622999860337,0.9074571826789952,31.091536447870798,0.9080287112465387,0.03791344801046037,0.0005715285675435,1.195376323347416e-05,49.224953504275504
val_images_circle,test008.png,7,restormer-aug,15.0,upright,0.0,100,False,521,521,circle,80892.0,0.2980095148086548,fourier_rotation,16,True,downstream,24.610712873792995,0.7624151356901795,28.909844580850663,0.892168338649063,28.44867754705384,0.8827294417247689,-0.4611670337968228,-0.009438896924294116,0.0001652994336498566,37.81728634408972
val_images_circle,test008.png,7,restormer-aug,15.0,rot30_padded,30.0,100,False,521,521,circle,80896.0,0.2980242371559143,fourier_rotation,16,False,downstream,24.592813404264767,0.7627757591537282,28.62907635253834,0.8879916034167326,28.683695228926904,0.8889258662356606,0.05461887638856311,0.0009342628189280555,2.2965232853459406e-05,46.38929146742473
val_images_circle,test008.png,7,restormer-aug,15.0,rot45_padded,45.0,100,False,521,521,circle,80887.0,0.2979910969734192,fourier_rotation,16,False,downstream,24.590727582608064,0.7636268903686625,28.588507353772247,0.8876102811638459,28.663950846316496,0.8889539766897029,0.07544349254424887,0.0013436955258570027,2.119396207641721e-05,46.737878471081224
val_images_circle,test008.png,7,restormer-aug,15.0,rot60_padded,60.0,100,False,521,521,circle,80896.0,0.2980242371559143,fourier_rotation,16,False,downstream,24.619116072831268,0.7633507644073873,28.672858298693104,0.888211696962767,28.727408597716902,0.889157741884642,0.05455029902379849,0.000946044921875,2.054348028017373e-05,46.87325980483698
val_images_circle,test009.png,8,restormer-aug,15.0,upright,0.0,100,False,521,521,circle,80892.0,0.2980095148086548,fourier_rotation,16,True,downstream,24.582315447905728,0.6501254179955991,31.439750043550063,0.914010347129506,30.34149674360895,0.8751620602160906,-1.0982532999411134,-0.038848286913415464,0.0002394909970232059,36.20710807997364
val_images_circle,test009.png,8,restormer-aug,15.0,rot30_padded,30.0,100,False,521,521,circle,80896.0,0.2980242371559143,fourier_rotation,16,False,downstream,24.593560680565837,0.6520392985283574,31.35371221663698,0.9143585011928896,31.41368146250837,0.9148366421083861,0.059969245871393184,0.0004781409154964722,9.77402411495583e-06,50.09926593793694
val_images_circle,test009.png,8,restormer-aug,15.0,rot45_padded,45.0,100,False,521,521,circle,80887.0,0.2979910969734192,fourier_rotation,16,False,downstream,24.625818895970056,0.6539582225821208,31.33542115977629,0.9146575624018692,31.409217402670407,0.9154324667437289,0.07379624289411879,0.0007749043418596724,9.784453898524228e-06,50.09463408685177
val_images_circle,test009.png,8,restormer-aug,15.0,rot60_padded,60.0,100,False,521,521,circle,80896.0,0.2980242371559143,fourier_rotation,16,False,downstream,24.611455824844736,0.6525909810126582,31.3627662254213,0.9146231156361254,31.417203900053515,0.9153909803945807,0.05443767463221505,0.00076786475845525,1.0823632761411652e-05,49.65626951480474
val_images_circle,test010.png,9,restormer-aug,15.0,upright,0.0,100,False,521,521,circle,80892.0,0.2980095148086548,fourier_rotation,16,True,downstream,24.6034165025577,0.5637503167803986,32.3591795279503,0.9058914973050487,29.74741543595174,0.7787761672198734,-2.6117640919985625,-0.12711533008517528,0.0005108275859391177,32.9172565781104
val_images_circle,test010.png,9,restormer-aug,15.0,rot30_padded,30.0,100,False,521,521,circle,80896.0,0.2980242371559143,fourier_rotation,16,False,downstream,24.608723597513915,0.5663575281070757,32.26727782366061,0.9052303652220135,32.31226881302868,0.9059201011174842,0.04499098936806689,0.0006897358954707222,6.027032674254873e-06,52.19896454092048
val_images_circle,test010.png,9,restormer-aug,15.0,rot45_padded,45.0,100,False,521,521,circle,80887.0,0.2979910969734192,fourier_rotation,16,False,downstream,24.621837543337012,0.567471200177408,32.28618551385963,0.9058268595386156,32.32748857654482,0.9064580448650587,0.0413030626851949,0.0006311853264430178,5.829411927009013e-06,52.34375254801323
val_images_circle,test010.png,9,restormer-aug,15.0,rot60_padded,60.0,100,False,521,521,circle,80896.0,0.2980242371559143,fourier_rotation,16,False,downstream,24.621445987310278,0.5666006546986254,32.27710134599364,0.9045704708823675,32.30947637922169,0.9051568719405162,0.03237503322804969,0.0005864010581486667,6.054112130681737e-06,52.179495395595985
