dataset,eval_mask,file,image_index,input_pose,input_angle_deg,input_rotate_expand,input_height,input_width,eval_mask_pixels,eval_mask_fraction,problem,algorithm,denoiser,train_sigma,schedule,rho,step,red_input_sigma,lambda,mode,group_expand,base_group_size,num_iter,degraded_se,degraded_psnr,degraded_ssim,final_se,final_psnr,final_ssim,gap_psnr,gap_ssim,beats_degraded,total_denoiser_calls,total_group_evals
val_images_circle,circle,test001.png,0,upright,0.0,False,321,321,80892.0,0.7850467562675476,blur,red_gd,restormer,15.0,fixed15p0,0.8,3.8461538461538467,1.4142135623730951,0.02,vanilla,True,0,20,0.006629606197055178,21.785122682053828,0.52085714015292,0.0031776543287944884,24.978933479285597,0.7235326113830787,3.1938107972317695,0.20267547123015872,True,20,20
val_images_circle,circle,test001.png,0,upright,0.0,False,321,321,80892.0,0.7850467562675476,blur,red_gd,restormer,15.0,fixed15p0,0.8,3.8461538461538467,1.4142135623730951,0.02,G16_fixed,True,16,20,0.006629606197055178,21.785122682053828,0.52085714015292,0.0031898237091729947,24.962333182747955,0.7180531314128715,3.1772105006941267,0.19719599125995158,True,20,320
val_images_circle,circle,test001.png,0,rot45_padded,45.0,False,321,321,80883.0,0.7849593758583069,blur,red_gd,restormer,15.0,fixed15p0,0.8,3.8461538461538467,1.4142135623730951,0.02,vanilla,False,0,20,0.00729424411408686,21.370197063873547,0.5189611750151454,0.0032529595942209734,24.877213311589248,0.7259781296749626,3.5070162477157005,0.20701695465981718,True,20,20
val_images_circle,circle,test001.png,0,rot45_padded,45.0,False,321,321,80883.0,0.7849593758583069,blur,red_gd,restormer,15.0,fixed15p0,0.8,3.8461538461538467,1.4142135623730951,0.02,G16_fixed,False,16,20,0.00729424411408686,21.370197063873547,0.5189611750151454,0.0032502316774789667,24.880856812781616,0.7260778106956962,3.5106597489080684,0.20711663568055083,True,20,320
val_images_circle,circle,test002.png,1,upright,0.0,False,321,321,80892.0,0.7850467562675476,blur,red_gd,restormer,15.0,fixed15p0,0.8,3.8461538461538467,1.4142135623730951,0.02,vanilla,True,0,20,0.005741449301470247,22.409784657583952,0.6100910878856994,0.0024838643983475846,26.0487211729452,0.7904950620889581,3.638936515361248,0.1804039742032587,True,20,20
val_images_circle,circle,test002.png,1,upright,0.0,False,321,321,80892.0,0.7850467562675476,blur,red_gd,restormer,15.0,fixed15p0,0.8,3.8461538461538467,1.4142135623730951,0.02,G16_fixed,True,16,20,0.005741449301470247,22.409784657583952,0.6100910878856994,0.0024688810114513217,26.07499840531961,0.7896884310253177,3.6652137477356597,0.17959734313961828,True,20,320
val_images_circle,circle,test002.png,1,rot45_padded,45.0,False,321,321,80883.0,0.7849593758583069,blur,red_gd,restormer,15.0,fixed15p0,0.8,3.8461538461538467,1.4142135623730951,0.02,vanilla,False,0,20,0.006521475482670571,21.856541341014015,0.601482571662154,0.0026530054316738763,25.7626186085688,0.7801639405066577,3.9060772675547852,0.1786813688445037,True,20,20
val_images_circle,circle,test002.png,1,rot45_padded,45.0,False,321,321,80883.0,0.7849593758583069,blur,red_gd,restormer,15.0,fixed15p0,0.8,3.8461538461538467,1.4142135623730951,0.02,G16_fixed,False,16,20,0.006521475482670571,21.856541341014015,0.601482571662154,0.00264832081005994,25.77029406845763,0.7796070500754175,3.9137527274436152,0.1781244784132635,True,20,320
val_images_circle,circle,test003.png,2,upright,0.0,False,321,321,80892.0,0.7850467562675476,blur,red_gd,restormer,15.0,fixed15p0,0.8,3.8461538461538467,1.4142135623730951,0.02,vanilla,True,0,20,0.008431096273378007,20.741159515289933,0.6219194072034318,0.004172541636220014,23.795993209661795,0.7988494207554517,3.0548336943718617,0.17693001355201998,True,20,20
val_images_circle,circle,test003.png,2,upright,0.0,False,321,321,80892.0,0.7850467562675476,blur,red_gd,restormer,15.0,fixed15p0,0.8,3.8461538461538467,1.4142135623730951,0.02,G16_fixed,True,16,20,0.008431096273378007,20.741159515289933,0.6219194072034318,0.004151941554185481,23.817487685684107,0.7998447196570736,3.0763281703941736,0.17792531245364185,True,20,320
val_images_circle,circle,test003.png,2,rot45_padded,45.0,False,321,321,80883.0,0.7849593758583069,blur,red_gd,restormer,15.0,fixed15p0,0.8,3.8461538461538467,1.4142135623730951,0.02,vanilla,False,0,20,0.008876490156402612,20.517587242021456,0.6202620123357195,0.004241179316304106,23.72513365258972,0.7972755592955256,3.2075464105682627,0.1770135469598061,True,20,20
val_images_circle,circle,test003.png,2,rot45_padded,45.0,False,321,321,80883.0,0.7849593758583069,blur,red_gd,restormer,15.0,fixed15p0,0.8,3.8461538461538467,1.4142135623730951,0.02,G16_fixed,False,16,20,0.008876490156402612,20.517587242021456,0.6202620123357195,0.00422771178377448,23.738946275573454,0.7980041869892314,3.221359033551998,0.17774217465351183,True,20,320
val_images_circle,circle,test004.png,3,upright,0.0,False,321,321,80892.0,0.7850467562675476,blur,red_gd,restormer,15.0,fixed15p0,0.8,3.8461538461538467,1.4142135623730951,0.02,vanilla,True,0,20,0.002775769756448992,25.56616560425646,0.7580479122626465,0.0011206841319084686,29.505167773243883,0.8988698859281511,3.9390021689874217,0.14082197366550464,True,20,20
val_images_circle,circle,test004.png,3,upright,0.0,False,321,321,80892.0,0.7850467562675476,blur,red_gd,restormer,15.0,fixed15p0,0.8,3.8461538461538467,1.4142135623730951,0.02,G16_fixed,True,16,20,0.002775769756448992,25.56616560425646,0.7580479122626465,0.0011127931053192934,29.53585573823937,0.901141819493893,3.9696901339829083,0.1430939072312466,True,20,320
val_images_circle,circle,test004.png,3,rot45_padded,45.0,False,321,321,80883.0,0.7849593758583069,blur,red_gd,restormer,15.0,fixed15p0,0.8,3.8461538461538467,1.4142135623730951,0.02,vanilla,False,0,20,0.0031912173679883287,24.96043613072945,0.7583175215280096,0.0011516979619312193,29.386614016988432,0.8935026133427296,4.42617788625898,0.13518509181472005,True,20,20
val_images_circle,circle,test004.png,3,rot45_padded,45.0,False,321,321,80883.0,0.7849593758583069,blur,red_gd,restormer,15.0,fixed15p0,0.8,3.8461538461538467,1.4142135623730951,0.02,G16_fixed,False,16,20,0.0031912173679883287,24.96043613072945,0.7583175215280096,0.0011522551474151418,29.384513430958275,0.8938185596787953,4.424077300228824,0.13550103815078574,True,20,320
val_images_circle,circle,test005.png,4,upright,0.0,False,321,321,80892.0,0.7850467562675476,blur,red_gd,restormer,15.0,fixed15p0,0.8,3.8461538461538467,1.4142135623730951,0.02,vanilla,True,0,20,0.007105301945321385,21.48417461663243,0.6256857136676062,0.0029284798803642124,25.333577553740497,0.8083791023061613,3.849402937108067,0.1826933886385551,True,20,20
val_images_circle,circle,test005.png,4,upright,0.0,False,321,321,80892.0,0.7850467562675476,blur,red_gd,restormer,15.0,fixed15p0,0.8,3.8461538461538467,1.4142135623730951,0.02,G16_fixed,True,16,20,0.007105301945321385,21.48417461663243,0.6256857136676062,0.002917348917057717,25.350116258351637,0.8045838703147407,3.865941641719207,0.1788981566471345,True,20,320
val_images_circle,circle,test005.png,4,rot45_padded,45.0,False,321,321,80883.0,0.7849593758583069,blur,red_gd,restormer,15.0,fixed15p0,0.8,3.8461538461538467,1.4142135623730951,0.02,vanilla,False,0,20,0.007667706857919,21.153344988745356,0.6349260370689762,0.0031000943842591304,25.086250836047846,0.8009243482870319,3.9329058473024894,0.16599831121805564,True,20,20
val_images_circle,circle,test005.png,4,rot45_padded,45.0,False,321,321,80883.0,0.7849593758583069,blur,red_gd,restormer,15.0,fixed15p0,0.8,3.8461538461538467,1.4142135623730951,0.02,G16_fixed,False,16,20,0.007667706857919,21.153344988745356,0.6349260370689762,0.003101539463252476,25.084226886038824,0.8001541868346871,3.9308818972934674,0.16522814976571087,True,20,320
val_images_circle,circle,test006.png,5,upright,0.0,False,321,321,80892.0,0.7850467562675476,blur,red_gd,restormer,15.0,fixed15p0,0.8,3.8461538461538467,1.4142135623730951,0.02,vanilla,True,0,20,0.0029180221433120317,25.34911416801122,0.8306657140075656,0.0009423920705399444,30.257683767751764,0.9063125834445928,4.908569599740545,0.07564686943702714,True,20,20
val_images_circle,circle,test006.png,5,upright,0.0,False,321,321,80892.0,0.7850467562675476,blur,red_gd,restormer,15.0,fixed15p0,0.8,3.8461538461538467,1.4142135623730951,0.02,G16_fixed,True,16,20,0.0029180221433120317,25.34911416801122,0.8306657140075656,0.0009023443513576069,30.446276959887616,0.9108267041240172,5.097162791876396,0.08016099011645161,True,20,320
val_images_circle,circle,test006.png,5,rot45_padded,45.0,False,321,321,80883.0,0.7849593758583069,blur,red_gd,restormer,15.0,fixed15p0,0.8,3.8461538461538467,1.4142135623730951,0.02,vanilla,False,0,20,0.004607568341868038,23.365282143777865,0.819511188228676,0.0011645117188405533,29.338561366680054,0.8973224634657468,5.973279222902189,0.07781127523707088,True,20,20
val_images_circle,circle,test006.png,5,rot45_padded,45.0,False,321,321,80883.0,0.7849593758583069,blur,red_gd,restormer,15.0,fixed15p0,0.8,3.8461538461538467,1.4142135623730951,0.02,G16_fixed,False,16,20,0.004607568341868038,23.365282143777865,0.819511188228676,0.001171396029888224,29.312962522224847,0.8978340048279614,5.947680378446982,0.07832281659928542,True,20,320
val_images_circle,circle,test007.png,6,upright,0.0,False,321,321,80892.0,0.7850467562675476,blur,red_gd,restormer,15.0,fixed15p0,0.8,3.8461538461538467,1.4142135623730951,0.02,vanilla,True,0,20,0.007044635752521494,21.52141457453073,0.6204530906177372,0.0023148280190282648,26.35481269510617,0.8546467628133808,4.833398120575438,0.23419367219564358,True,20,20
val_images_circle,circle,test007.png,6,upright,0.0,False,321,321,80892.0,0.7850467562675476,blur,red_gd,restormer,15.0,fixed15p0,0.8,3.8461538461538467,1.4142135623730951,0.02,G16_fixed,True,16,20,0.007044635752521494,21.52141457453073,0.6204530906177372,0.002323827633652354,26.337960882136386,0.8527293721876081,4.816546307605655,0.2322762815698709,True,20,320
val_images_circle,circle,test007.png,6,rot45_padded,45.0,False,321,321,80883.0,0.7849593758583069,blur,red_gd,restormer,15.0,fixed15p0,0.8,3.8461538461538467,1.4142135623730951,0.02,vanilla,False,0,20,0.0075165425398897945,21.239818803042674,0.6092979210711769,0.002360848378394081,26.26931903874787,0.8520492176971675,5.029500235705196,0.2427512966259906,True,20,20
val_images_circle,circle,test007.png,6,rot45_padded,45.0,False,321,321,80883.0,0.7849593758583069,blur,red_gd,restormer,15.0,fixed15p0,0.8,3.8461538461538467,1.4142135623730951,0.02,G16_fixed,False,16,20,0.0075165425398897945,21.239818803042674,0.6092979210711769,0.0023523575017188217,26.284966752722646,0.8522416252488162,5.045147949679972,0.24294370417763933,True,20,320
val_images_circle,circle,test008.png,7,upright,0.0,False,321,321,80892.0,0.7850467562675476,blur,red_gd,restormer,15.0,fixed15p0,0.8,3.8461538461538467,1.4142135623730951,0.02,vanilla,True,0,20,0.009594597236660842,20.17973251420122,0.4736987762232359,0.005136333398234683,22.893467940680473,0.7445515220139198,2.7137354264792535,0.2708527457906839,True,20,20
val_images_circle,circle,test008.png,7,upright,0.0,False,321,321,80892.0,0.7850467562675476,blur,red_gd,restormer,15.0,fixed15p0,0.8,3.8461538461538467,1.4142135623730951,0.02,G16_fixed,True,16,20,0.009594597236660842,20.17973251420122,0.4736987762232359,0.005179865426398972,22.856815231373012,0.7384516643333086,2.6770827171717926,0.26475288811007264,True,20,320
val_images_circle,circle,test008.png,7,rot45_padded,45.0,False,321,321,80883.0,0.7849593758583069,blur,red_gd,restormer,15.0,fixed15p0,0.8,3.8461538461538467,1.4142135623730951,0.02,vanilla,False,0,20,0.009451114687602385,20.245169667155505,0.4890355706699801,0.005114566571926231,22.911911641798586,0.7441045244365317,2.666741974643081,0.25506895376655164,True,20,20
val_images_circle,circle,test008.png,7,rot45_padded,45.0,False,321,321,80883.0,0.7849593758583069,blur,red_gd,restormer,15.0,fixed15p0,0.8,3.8461538461538467,1.4142135623730951,0.02,G16_fixed,False,16,20,0.009451114687602385,20.245169667155505,0.4890355706699801,0.005114970665817059,22.911568526087738,0.7434397911180347,2.666398858932233,0.2544042204480546,True,20,320
val_images_circle,circle,test009.png,8,upright,0.0,False,321,321,80892.0,0.7850467562675476,blur,red_gd,restormer,15.0,fixed15p0,0.8,3.8461538461538467,1.4142135623730951,0.02,vanilla,True,0,20,0.006176098054543403,22.092858175607468,0.6865265763301687,0.002046336372215906,26.89022976396075,0.8714859589019928,4.797371588353283,0.1849593825718241,True,20,20
val_images_circle,circle,test009.png,8,upright,0.0,False,321,321,80892.0,0.7850467562675476,blur,red_gd,restormer,15.0,fixed15p0,0.8,3.8461538461538467,1.4142135623730951,0.02,G16_fixed,True,16,20,0.006176098054543403,22.092858175607468,0.6865265763301687,0.0020463346745313196,26.890233366962505,0.8718116246044109,4.797375191355037,0.1852850482742422,True,20,320
val_images_circle,circle,test009.png,8,rot45_padded,45.0,False,321,321,80883.0,0.7849593758583069,blur,red_gd,restormer,15.0,fixed15p0,0.8,3.8461538461538467,1.4142135623730951,0.02,vanilla,False,0,20,0.0061218752970146695,22.13115521254529,0.6910299348287032,0.00203376172839694,26.916999295371326,0.8703473497212022,4.785844082826035,0.17931741489249897,True,20,20
val_images_circle,circle,test009.png,8,rot45_padded,45.0,False,321,321,80883.0,0.7849593758583069,blur,red_gd,restormer,15.0,fixed15p0,0.8,3.8461538461538467,1.4142135623730951,0.02,G16_fixed,False,16,20,0.0061218752970146695,22.13115521254529,0.6910299348287032,0.0020312300103694342,26.922408956113113,0.8704486727742542,4.791253743567822,0.17941873794555097,True,20,320
val_images_circle,circle,test010.png,9,upright,0.0,False,321,321,80892.0,0.7850467562675476,blur,red_gd,restormer,15.0,fixed15p0,0.8,3.8461538461538467,1.4142135623730951,0.02,vanilla,True,0,20,0.003105569320834898,25.078587722242354,0.7313861093340503,0.0010861905764821362,29.640939693573863,0.8810328315840874,4.562351971331509,0.14964672225003706,True,20,20
val_images_circle,circle,test010.png,9,upright,0.0,False,321,321,80892.0,0.7850467562675476,blur,red_gd,restormer,15.0,fixed15p0,0.8,3.8461538461538467,1.4142135623730951,0.02,G16_fixed,True,16,20,0.003105569320834898,25.078587722242354,0.7313861093340503,0.0010763892774700275,29.680306371427623,0.8827613129234041,4.601718649185269,0.15137520358935375,True,20,320
val_images_circle,circle,test010.png,9,rot45_padded,45.0,False,321,321,80883.0,0.7849593758583069,blur,red_gd,restormer,15.0,fixed15p0,0.8,3.8461538461538467,1.4142135623730951,0.02,vanilla,False,0,20,0.0035222932660785872,24.531744875120246,0.7221634471242412,0.001116710826167794,29.520592734901633,0.8773952422016987,4.988847859781387,0.15523179507745755,True,20,20
val_images_circle,circle,test010.png,9,rot45_padded,45.0,False,321,321,80883.0,0.7849593758583069,blur,red_gd,restormer,15.0,fixed15p0,0.8,3.8461538461538467,1.4142135623730951,0.02,G16_fixed,False,16,20,0.0035222932660785872,24.531744875120246,0.7221634471242412,0.0011124931197638488,29.537026662417137,0.878091367314516,5.005281787296891,0.1559279201902748,True,20,320
