dataset,eval_mask,file,image_index,input_pose,input_angle_deg,input_rotate_expand,input_pad,input_height,input_width,eval_mask_pixels,eval_mask_fraction,problem,algorithm,denoiser,train_sigma,schedule,rho,step,red_input_sigma,lambda,mode,group_expand,base_group_size,num_iter,init_method,degraded_se,degraded_psnr,degraded_ssim,final_se,final_psnr,final_ssim,gap_psnr,gap_ssim,beats_degraded,total_denoiser_calls,total_group_evals
val_images_circle,circle,test001.png,0,upright,0.0,False,100,521,521,80892.0,0.2980095148086548,blur,red_gd,wavelet,15.0,fixed10p0,0.8,1.0,15.0,0.02,vanilla,True,0,40,adjoint,0.010043429578558449,19.98117961223879,0.35479240453320476,0.006880649230320211,21.623705815547556,0.4656791617218019,1.6425262033087655,0.11088675718859714,True,40,40
val_images_circle,circle,test001.png,0,upright,0.0,False,100,521,521,80892.0,0.2980095148086548,blur,red_gd,wavelet,15.0,fixed10p0,0.8,1.0,15.0,0.02,G16_fixed,True,16,40,adjoint,0.010043429578558449,19.98117961223879,0.35479240453320476,0.006952403189785455,21.57865049847434,0.45999614068758343,1.5974708862355484,0.10520373615437867,True,40,640
val_images_circle,circle,test001.png,0,rot30_padded,30.0,False,100,521,521,80896.0,0.2980242371559143,blur,red_gd,wavelet,15.0,fixed10p0,0.8,1.0,15.0,0.02,vanilla,False,0,40,adjoint,0.010244135615191882,19.895246808342556,0.3567140555079979,0.006907265397566783,21.606938567947207,0.4663423465777047,1.7116917596046513,0.10962829106970678,True,40,40
val_images_circle,circle,test001.png,0,rot30_padded,30.0,False,100,521,521,80896.0,0.2980242371559143,blur,red_gd,wavelet,15.0,fixed10p0,0.8,1.0,15.0,0.02,G16_fixed,False,16,40,adjoint,0.010244135615191882,19.895246808342556,0.3567140555079979,0.00665381739411173,21.76929121985056,0.4734019025971618,1.874044411508006,0.11668784708916391,True,40,640
val_images_circle,circle,test001.png,0,rot45_padded,45.0,False,100,521,521,80887.0,0.2979910969734192,blur,red_gd,wavelet,15.0,fixed10p0,0.8,1.0,15.0,0.02,vanilla,False,0,40,adjoint,0.010515774815966255,19.78158722416413,0.35751512816490905,0.006842768650488103,21.64768142966551,0.46974569847441494,1.8660942055013798,0.1122305703095059,True,40,40
val_images_circle,circle,test001.png,0,rot45_padded,45.0,False,100,521,521,80887.0,0.2979910969734192,blur,red_gd,wavelet,15.0,fixed10p0,0.8,1.0,15.0,0.02,G16_fixed,False,16,40,adjoint,0.010515774815966255,19.78158722416413,0.35751512816490905,0.006628320477902429,21.785965016981088,0.4752646825200588,2.004377792816957,0.11774955435514978,True,40,640
val_images_circle,circle,test001.png,0,rot60_padded,60.0,False,100,521,521,80896.0,0.2980242371559143,blur,red_gd,wavelet,15.0,fixed10p0,0.8,1.0,15.0,0.02,vanilla,False,0,40,adjoint,0.010496391525751428,19.78959978053967,0.35485115534142603,0.006896774980086315,21.61353943432697,0.4665945511830004,1.8239396537872992,0.11174339584157439,True,40,40
val_images_circle,circle,test001.png,0,rot60_padded,60.0,False,100,521,521,80896.0,0.2980242371559143,blur,red_gd,wavelet,15.0,fixed10p0,0.8,1.0,15.0,0.02,G16_fixed,False,16,40,adjoint,0.010496391525751428,19.78959978053967,0.35485115534142603,0.006658778160433226,21.76605453541839,0.47320996055120157,1.97645475487872,0.11835880520977554,True,40,640
val_images_circle,circle,test002.png,1,upright,0.0,False,100,521,521,80892.0,0.2980095148086548,blur,red_gd,wavelet,15.0,fixed10p0,0.8,1.0,15.0,0.02,vanilla,True,0,40,adjoint,0.009157586815696391,20.382189554481116,0.32273611149742865,0.006026021982579783,22.19969288378612,0.5654638766039906,1.817503329305005,0.2427277651065619,True,40,40
val_images_circle,circle,test002.png,1,upright,0.0,False,100,521,521,80892.0,0.2980095148086548,blur,red_gd,wavelet,15.0,fixed10p0,0.8,1.0,15.0,0.02,G16_fixed,True,16,40,adjoint,0.009157586815696391,20.382189554481116,0.32273611149742865,0.006287064000795428,22.015521186142127,0.5597700869678089,1.6333316316610116,0.2370339754703803,True,40,640
val_images_circle,circle,test002.png,1,rot30_padded,30.0,False,100,521,521,80896.0,0.2980242371559143,blur,red_gd,wavelet,15.0,fixed10p0,0.8,1.0,15.0,0.02,vanilla,False,0,40,adjoint,0.009064403515827806,20.426607694292272,0.32883356794526303,0.0060128033915652504,22.209229966125548,0.5624489120290249,1.7826222718332758,0.2336153440837619,True,40,40
val_images_circle,circle,test002.png,1,rot30_padded,30.0,False,100,521,521,80896.0,0.2980242371559143,blur,red_gd,wavelet,15.0,fixed10p0,0.8,1.0,15.0,0.02,G16_fixed,False,16,40,adjoint,0.009064403515827806,20.426607694292272,0.32883356794526303,0.00579267174382753,22.371210811822017,0.5700899438013004,1.944603117529745,0.24125637585603738,True,40,640
val_images_circle,circle,test002.png,1,rot45_padded,45.0,False,100,521,521,80887.0,0.2979910969734192,blur,red_gd,wavelet,15.0,fixed10p0,0.8,1.0,15.0,0.02,vanilla,False,0,40,adjoint,0.009614628126806146,20.170675086797193,0.32699007372940025,0.005987018589591034,22.227893933752316,0.5616383620050194,2.0572188469551236,0.23464828827561912,True,40,40
val_images_circle,circle,test002.png,1,rot45_padded,45.0,False,100,521,521,80887.0,0.2979910969734192,blur,red_gd,wavelet,15.0,fixed10p0,0.8,1.0,15.0,0.02,G16_fixed,False,16,40,adjoint,0.009614628126806146,20.170675086797193,0.32699007372940025,0.005772744346110353,22.3861767540143,0.5703454839003795,2.215501667217108,0.24335541017097928,True,40,640
val_images_circle,circle,test002.png,1,rot60_padded,60.0,False,100,521,521,80896.0,0.2980242371559143,blur,red_gd,wavelet,15.0,fixed10p0,0.8,1.0,15.0,0.02,vanilla,False,0,40,adjoint,0.009308088429366486,20.311394994502546,0.33105526694768594,0.005978687277323083,22.233941622990073,0.5595769278610809,1.9225466284875274,0.22852166091339499,True,40,40
val_images_circle,circle,test002.png,1,rot60_padded,60.0,False,100,521,521,80896.0,0.2980242371559143,blur,red_gd,wavelet,15.0,fixed10p0,0.8,1.0,15.0,0.02,G16_fixed,False,16,40,adjoint,0.009308088429366486,20.311394994502546,0.33105526694768594,0.005788796310183368,22.374117316423355,0.5686809684656844,2.062722321920809,0.23762570151799844,True,40,640
val_images_circle,circle,test003.png,2,upright,0.0,False,100,521,521,80892.0,0.2980095148086548,blur,red_gd,wavelet,15.0,fixed10p0,0.8,1.0,15.0,0.02,vanilla,True,0,40,adjoint,0.011852252143241529,19.261991179704506,0.35443670264055777,0.008927565644769802,20.492669477376474,0.5689091531764575,1.2306782976719681,0.21447245053589975,True,40,40
val_images_circle,circle,test003.png,2,upright,0.0,False,100,521,521,80892.0,0.2980095148086548,blur,red_gd,wavelet,15.0,fixed10p0,0.8,1.0,15.0,0.02,G16_fixed,True,16,40,adjoint,0.011852252143241529,19.261991179704506,0.35443670264055777,0.009012547208005737,20.45152447418401,0.5687412016175889,1.189533294479503,0.21430449897703113,True,40,640
val_images_circle,circle,test003.png,2,rot30_padded,30.0,False,100,521,521,80896.0,0.2980242371559143,blur,red_gd,wavelet,15.0,fixed10p0,0.8,1.0,15.0,0.02,vanilla,False,0,40,adjoint,0.011848151683807373,19.263493944751282,0.36228590373751485,0.008804979958111726,20.552716282363285,0.5669964174681072,1.2892223376120029,0.2047105137305924,True,40,40
val_images_circle,circle,test003.png,2,rot30_padded,30.0,False,100,521,521,80896.0,0.2980242371559143,blur,red_gd,wavelet,15.0,fixed10p0,0.8,1.0,15.0,0.02,G16_fixed,False,16,40,adjoint,0.011848151683807373,19.263493944751282,0.36228590373751485,0.00853506447393683,20.687931938732977,0.5773733597767504,1.4244379939816945,0.21508745603923557,True,40,640
val_images_circle,circle,test003.png,2,rot45_padded,45.0,False,100,521,521,80887.0,0.2979910969734192,blur,red_gd,wavelet,15.0,fixed10p0,0.8,1.0,15.0,0.02,vanilla,False,0,40,adjoint,0.01208299376536673,19.17825448604345,0.36332763511905497,0.008786404138885498,20.56188824829936,0.568461924505792,1.3836337622559114,0.20513428938673706,True,40,40
val_images_circle,circle,test003.png,2,rot45_padded,45.0,False,100,521,521,80887.0,0.2979910969734192,blur,red_gd,wavelet,15.0,fixed10p0,0.8,1.0,15.0,0.02,G16_fixed,False,16,40,adjoint,0.01208299376536673,19.17825448604345,0.36332763511905497,0.008507404499293767,20.702029174202256,0.5791825613973816,1.523774688158806,0.2158549262783266,True,40,640
val_images_circle,circle,test003.png,2,rot60_padded,60.0,False,100,521,521,80896.0,0.2980242371559143,blur,red_gd,wavelet,15.0,fixed10p0,0.8,1.0,15.0,0.02,vanilla,False,0,40,adjoint,0.011992978898784782,19.210729304441358,0.3588012743599807,0.008813823325724541,20.548356592302227,0.5684414634221717,1.3376272878608688,0.209640189062191,True,40,40
val_images_circle,circle,test003.png,2,rot60_padded,60.0,False,100,521,521,80896.0,0.2980242371559143,blur,red_gd,wavelet,15.0,fixed10p0,0.8,1.0,15.0,0.02,G16_fixed,False,16,40,adjoint,0.011992978898784782,19.210729304441358,0.3588012743599807,0.008527324169496947,20.691872268316764,0.5783025041411195,1.4811429638754063,0.21950122978113878,True,40,640
val_images_circle,circle,test004.png,3,upright,0.0,False,100,521,521,80892.0,0.2980095148086548,blur,red_gd,wavelet,15.0,fixed10p0,0.8,1.0,15.0,0.02,vanilla,True,0,40,adjoint,0.006212146689050872,22.067582977127664,0.3774189756867181,0.0031106063510027257,25.071549456268745,0.7088123671067597,3.0039664791410807,0.33139339142004154,True,40,40
val_images_circle,circle,test004.png,3,upright,0.0,False,100,521,521,80892.0,0.2980095148086548,blur,red_gd,wavelet,15.0,fixed10p0,0.8,1.0,15.0,0.02,G16_fixed,True,16,40,adjoint,0.006212146689050872,22.067582977127664,0.3774189756867181,0.0030887773339592643,25.102133983085526,0.7133448861599416,3.034551005957862,0.3359259104732235,True,40,640
val_images_circle,circle,test004.png,3,rot30_padded,30.0,False,100,521,521,80896.0,0.2980242371559143,blur,red_gd,wavelet,15.0,fixed10p0,0.8,1.0,15.0,0.02,vanilla,False,0,40,adjoint,0.006215629698354987,22.065148669149075,0.38108111031447783,0.0031119407732275468,25.069686771403262,0.7053134290477897,3.0045381022541875,0.3242323187333119,True,40,40
val_images_circle,circle,test004.png,3,rot30_padded,30.0,False,100,521,521,80896.0,0.2980242371559143,blur,red_gd,wavelet,15.0,fixed10p0,0.8,1.0,15.0,0.02,G16_fixed,False,16,40,adjoint,0.006215629698354987,22.065148669149075,0.38108111031447783,0.003026533730422394,25.190544815549355,0.7155071693130687,3.1253961464002806,0.33442605899859085,True,40,640
val_images_circle,circle,test004.png,3,rot45_padded,45.0,False,100,521,521,80887.0,0.2979910969734192,blur,red_gd,wavelet,15.0,fixed10p0,0.8,1.0,15.0,0.02,vanilla,False,0,40,adjoint,0.006544050506030017,21.84153357502153,0.38244530660829307,0.0030936566170485136,25.095278928335066,0.7059388695804023,3.253745353313537,0.32349356297210924,True,40,40
val_images_circle,circle,test004.png,3,rot45_padded,45.0,False,100,521,521,80887.0,0.2979910969734192,blur,red_gd,wavelet,15.0,fixed10p0,0.8,1.0,15.0,0.02,G16_fixed,False,16,40,adjoint,0.006544050506030017,21.84153357502153,0.38244530660829307,0.0030046849000428455,25.222010655407384,0.7169088898710547,3.3804770803858553,0.33446358326276165,True,40,640
val_images_circle,circle,test004.png,3,rot60_padded,60.0,False,100,521,521,80896.0,0.2980242371559143,blur,red_gd,wavelet,15.0,fixed10p0,0.8,1.0,15.0,0.02,vanilla,False,0,40,adjoint,0.006510249421566348,21.86402372363471,0.3830841643900811,0.0031212085410009457,25.05677213333939,0.7052445230604727,3.1927484097046808,0.3221603586703916,True,40,40
val_images_circle,circle,test004.png,3,rot60_padded,60.0,False,100,521,521,80896.0,0.2980242371559143,blur,red_gd,wavelet,15.0,fixed10p0,0.8,1.0,15.0,0.02,G16_fixed,False,16,40,adjoint,0.006510249421566348,21.86402372363471,0.3830841643900811,0.0030114282912845854,25.212274738748363,0.7160717445083812,3.3482510151136538,0.3329875801183001,True,40,640
val_images_circle,circle,test005.png,4,upright,0.0,False,100,521,521,80892.0,0.2980095148086548,blur,red_gd,wavelet,15.0,fixed10p0,0.8,1.0,15.0,0.02,vanilla,True,0,40,adjoint,0.010396739622254828,19.831028324378444,0.3816418612161895,0.00691722112894353,21.600683406224714,0.5864867469898136,1.7696550818462704,0.20484488577362414,True,40,40
val_images_circle,circle,test005.png,4,upright,0.0,False,100,521,521,80892.0,0.2980095148086548,blur,red_gd,wavelet,15.0,fixed10p0,0.8,1.0,15.0,0.02,G16_fixed,True,16,40,adjoint,0.010396739622254828,19.831028324378444,0.3816418612161895,0.007391271254950659,21.31280859097927,0.5761911908779608,1.4817802666008255,0.1945493296617713,True,40,640
val_images_circle,circle,test005.png,4,rot30_padded,30.0,False,100,521,521,80896.0,0.2980242371559143,blur,red_gd,wavelet,15.0,fixed10p0,0.8,1.0,15.0,0.02,vanilla,False,0,40,adjoint,0.010227019273782079,19.902509255817765,0.3840849912619289,0.0068916965134536165,21.616738556341147,0.5825105015235611,1.7142293005233817,0.1984255102616322,True,40,40
val_images_circle,circle,test005.png,4,rot30_padded,30.0,False,100,521,521,80896.0,0.2980242371559143,blur,red_gd,wavelet,15.0,fixed10p0,0.8,1.0,15.0,0.02,G16_fixed,False,16,40,adjoint,0.010227019273782079,19.902509255817765,0.3840849912619289,0.006787309163733374,21.68302368129089,0.588873223413395,1.7805144254731253,0.20478823215146608,True,40,640
val_images_circle,circle,test005.png,4,rot45_padded,45.0,False,100,521,521,80887.0,0.2979910969734192,blur,red_gd,wavelet,15.0,fixed10p0,0.8,1.0,15.0,0.02,vanilla,False,0,40,adjoint,0.010652665699187215,19.725417017477405,0.38680345536056476,0.006918659842395873,21.599780210661038,0.5801541618245206,1.8743631931836333,0.19335070646395586,True,40,40
val_images_circle,circle,test005.png,4,rot45_padded,45.0,False,100,521,521,80887.0,0.2979910969734192,blur,red_gd,wavelet,15.0,fixed10p0,0.8,1.0,15.0,0.02,G16_fixed,False,16,40,adjoint,0.010652665699187215,19.725417017477405,0.38680345536056476,0.006787745932887083,21.68274421806656,0.5876581681852461,1.9573272005891553,0.20085471282468131,True,40,640
val_images_circle,circle,test005.png,4,rot60_padded,60.0,False,100,521,521,80896.0,0.2980242371559143,blur,red_gd,wavelet,15.0,fixed10p0,0.8,1.0,15.0,0.02,vanilla,False,0,40,adjoint,0.010547837879084334,19.768365539601508,0.3899853138984004,0.006878148151349418,21.62528473960269,0.5856273506261125,1.8569192000011832,0.19564203672771208,True,40,40
val_images_circle,circle,test005.png,4,rot60_padded,60.0,False,100,521,521,80896.0,0.2980242371559143,blur,red_gd,wavelet,15.0,fixed10p0,0.8,1.0,15.0,0.02,G16_fixed,False,16,40,adjoint,0.010547837879084334,19.768365539601508,0.3899853138984004,0.006777715833881233,21.689166435783697,0.5914282014098349,1.9208008961821896,0.20144288751143447,True,40,640
val_images_circle,circle,test006.png,5,upright,0.0,False,100,521,521,80892.0,0.2980095148086548,blur,red_gd,wavelet,15.0,fixed10p0,0.8,1.0,15.0,0.02,vanilla,True,0,40,adjoint,0.006302466904416151,22.004894262175107,0.3399117177455743,0.0031854731094729315,24.96826056711845,0.7956512425517974,2.9633663049433423,0.4557395248062231,True,40,40
val_images_circle,circle,test006.png,5,upright,0.0,False,100,521,521,80892.0,0.2980095148086548,blur,red_gd,wavelet,15.0,fixed10p0,0.8,1.0,15.0,0.02,G16_fixed,True,16,40,adjoint,0.006302466904416151,22.004894262175107,0.3399117177455743,0.003409714984804199,24.672819217992927,0.797977019127355,2.6679249558178206,0.45806530138178064,True,40,640
val_images_circle,circle,test006.png,5,rot30_padded,30.0,False,100,521,521,80896.0,0.2980242371559143,blur,red_gd,wavelet,15.0,fixed10p0,0.8,1.0,15.0,0.02,vanilla,False,0,40,adjoint,0.006791965870917598,21.680045050534737,0.3410631010803995,0.003155531008032304,25.009275478450416,0.7923910406571401,3.329230427915679,0.45132793957674056,True,40,40
val_images_circle,circle,test006.png,5,rot30_padded,30.0,False,100,521,521,80896.0,0.2980242371559143,blur,red_gd,wavelet,15.0,fixed10p0,0.8,1.0,15.0,0.02,G16_fixed,False,16,40,adjoint,0.006791965870917598,21.680045050534737,0.3410631010803995,0.003004334961311727,25.22251648319164,0.8061047807524476,3.542471432656903,0.4650416796720481,True,40,640
val_images_circle,circle,test006.png,5,rot45_padded,45.0,False,100,521,521,80887.0,0.2979910969734192,blur,red_gd,wavelet,15.0,fixed10p0,0.8,1.0,15.0,0.02,vanilla,False,0,40,adjoint,0.0076108176955196755,21.185686807360558,0.3404237450857369,0.003171726638850727,24.987042502177907,0.7905711150277548,3.8013556948173495,0.45014736994201787,True,40,40
val_images_circle,circle,test006.png,5,rot45_padded,45.0,False,100,521,521,80887.0,0.2979910969734192,blur,red_gd,wavelet,15.0,fixed10p0,0.8,1.0,15.0,0.02,G16_fixed,False,16,40,adjoint,0.0076108176955196755,21.185686807360558,0.3404237450857369,0.0030009618362509195,25.227395275378342,0.8053556775192553,4.041708468017784,0.4649319324335184,True,40,640
val_images_circle,circle,test006.png,5,rot60_padded,60.0,False,100,521,521,80896.0,0.2980242371559143,blur,red_gd,wavelet,15.0,fixed10p0,0.8,1.0,15.0,0.02,vanilla,False,0,40,adjoint,0.00733846275112297,21.34394905836729,0.3410336941103392,0.0031782645213453077,24.978099600613504,0.7898476999017257,3.634150542246214,0.44881400579138647,True,40,40
val_images_circle,circle,test006.png,5,rot60_padded,60.0,False,100,521,521,80896.0,0.2980242371559143,blur,red_gd,wavelet,15.0,fixed10p0,0.8,1.0,15.0,0.02,G16_fixed,False,16,40,adjoint,0.00733846275112297,21.34394905836729,0.3410336941103392,0.0029977726030953325,25.23201313771406,0.8048174894308742,3.888064079346769,0.463783795320535,True,40,640
val_images_circle,circle,test007.png,6,upright,0.0,False,100,521,521,80892.0,0.2980095148086548,blur,red_gd,wavelet,15.0,fixed10p0,0.8,1.0,15.0,0.02,vanilla,True,0,40,adjoint,0.0104642576700454,19.802915748969966,0.39785582648005985,0.00740290529878959,21.305978062676935,0.5585899351141027,1.5030623137069696,0.16073410863404286,True,40,40
val_images_circle,circle,test007.png,6,upright,0.0,False,100,521,521,80892.0,0.2980095148086548,blur,red_gd,wavelet,15.0,fixed10p0,0.8,1.0,15.0,0.02,G16_fixed,True,16,40,adjoint,0.0104642576700454,19.802915748969966,0.39785582648005985,0.0075884463790262015,21.198471303076182,0.552225691353904,1.3955555541062168,0.15436986487384413,True,40,640
val_images_circle,circle,test007.png,6,rot30_padded,30.0,False,100,521,521,80896.0,0.2980242371559143,blur,red_gd,wavelet,15.0,fixed10p0,0.8,1.0,15.0,0.02,vanilla,False,0,40,adjoint,0.010846670669845388,19.647035458338095,0.39130498185942447,0.0074058197721650326,21.30426861137051,0.5566420253319077,1.657233153032415,0.16533704347248318,True,40,40
val_images_circle,circle,test007.png,6,rot30_padded,30.0,False,100,521,521,80896.0,0.2980242371559143,blur,red_gd,wavelet,15.0,fixed10p0,0.8,1.0,15.0,0.02,G16_fixed,False,16,40,adjoint,0.010846670669845388,19.647035458338095,0.39130498185942447,0.007184443594534186,21.436068605402525,0.5649490839318384,1.7890331470644298,0.17364410207241393,True,40,640
val_images_circle,circle,test007.png,6,rot45_padded,45.0,False,100,521,521,80887.0,0.2979910969734192,blur,red_gd,wavelet,15.0,fixed10p0,0.8,1.0,15.0,0.02,vanilla,False,0,40,adjoint,0.010840988286513902,19.649311248257476,0.39202249357127844,0.007447847256000269,21.27969238653519,0.5556717531092759,1.6303811382777127,0.16364925953799742,True,40,40
val_images_circle,circle,test007.png,6,rot45_padded,45.0,False,100,521,521,80887.0,0.2979910969734192,blur,red_gd,wavelet,15.0,fixed10p0,0.8,1.0,15.0,0.02,G16_fixed,False,16,40,adjoint,0.010840988286513902,19.649311248257476,0.39202249357127844,0.007218346858744684,21.415622528917126,0.5637362926057339,1.7663112806596502,0.17171379903445544,True,40,640
val_images_circle,circle,test007.png,6,rot60_padded,60.0,False,100,521,521,80896.0,0.2980242371559143,blur,red_gd,wavelet,15.0,fixed10p0,0.8,1.0,15.0,0.02,vanilla,False,0,40,adjoint,0.010635563089877745,19.732395118399587,0.39918358718292624,0.007410952562018286,21.301259666711132,0.5587689363503758,1.568864548311545,0.1595853491674496,True,40,40
val_images_circle,circle,test007.png,6,rot60_padded,60.0,False,100,521,521,80896.0,0.2980242371559143,blur,red_gd,wavelet,15.0,fixed10p0,0.8,1.0,15.0,0.02,G16_fixed,False,16,40,adjoint,0.010635563089877745,19.732395118399587,0.39918358718292624,0.0072025588796108585,21.42513182754516,0.5661503755593602,1.6927367091455743,0.16696678837643397,True,40,640
val_images_circle,circle,test008.png,7,upright,0.0,False,100,521,521,80892.0,0.2980095148086548,blur,red_gd,wavelet,15.0,fixed10p0,0.8,1.0,15.0,0.02,vanilla,True,0,40,adjoint,0.013035972152685062,18.848565759414846,0.32023477773605546,0.010136815812286752,19.94098444640316,0.41076981886342284,1.0924186869883137,0.09053504112736738,True,40,40
val_images_circle,circle,test008.png,7,upright,0.0,False,100,521,521,80892.0,0.2980095148086548,blur,red_gd,wavelet,15.0,fixed10p0,0.8,1.0,15.0,0.02,G16_fixed,True,16,40,adjoint,0.013035972152685062,18.848565759414846,0.32023477773605546,0.010226688216184466,19.90264984303201,0.4022629613404292,1.0540840836171625,0.08202818360437375,True,40,640
val_images_circle,circle,test008.png,7,rot30_padded,30.0,False,100,521,521,80896.0,0.2980242371559143,blur,red_gd,wavelet,15.0,fixed10p0,0.8,1.0,15.0,0.02,vanilla,False,0,40,adjoint,0.012906801851489876,18.891813572933817,0.32717398148548754,0.010108686700651917,19.9530526337124,0.4091604691517504,1.0612390607785827,0.08198648766626287,True,40,40
val_images_circle,circle,test008.png,7,rot30_padded,30.0,False,100,521,521,80896.0,0.2980242371559143,blur,red_gd,wavelet,15.0,fixed10p0,0.8,1.0,15.0,0.02,G16_fixed,False,16,40,adjoint,0.012906801851489876,18.891813572933817,0.32717398148548754,0.01007121650478508,19.969180677377373,0.408941293064552,1.0773671044435567,0.08176731157906447,True,40,640
val_images_circle,circle,test008.png,7,rot45_padded,45.0,False,100,521,521,80887.0,0.2979910969734192,blur,red_gd,wavelet,15.0,fixed10p0,0.8,1.0,15.0,0.02,vanilla,False,0,40,adjoint,0.012847555173420946,18.911795085748142,0.33161129685548973,0.010143936272110321,19.937934878493465,0.40788190623956877,1.0261397927453224,0.07627060938407904,True,40,40
val_images_circle,circle,test008.png,7,rot45_padded,45.0,False,100,521,521,80887.0,0.2979910969734192,blur,red_gd,wavelet,15.0,fixed10p0,0.8,1.0,15.0,0.02,G16_fixed,False,16,40,adjoint,0.012847555173420946,18.911795085748142,0.33161129685548973,0.010072579310102366,19.96859304351179,0.40871954277263345,1.0567979577636493,0.07710824591714371,True,40,640
val_images_circle,circle,test008.png,7,rot60_padded,60.0,False,100,521,521,80896.0,0.2980242371559143,blur,red_gd,wavelet,15.0,fixed10p0,0.8,1.0,15.0,0.02,vanilla,False,0,40,adjoint,0.012844455393054817,18.912843051621554,0.3321539480474931,0.010140806813783284,19.939274906797305,0.40856132024451147,1.0264318551757512,0.07640737219701838,True,40,40
val_images_circle,circle,test008.png,7,rot60_padded,60.0,False,100,521,521,80896.0,0.2980242371559143,blur,red_gd,wavelet,15.0,fixed10p0,0.8,1.0,15.0,0.02,G16_fixed,False,16,40,adjoint,0.012844455393054817,18.912843051621554,0.3321539480474931,0.010090202470368978,19.961001191068192,0.4082839096648784,1.0481581394466382,0.07612996161738528,True,40,640
val_images_circle,circle,test009.png,8,upright,0.0,False,100,521,521,80892.0,0.2980095148086548,blur,red_gd,wavelet,15.0,fixed10p0,0.8,1.0,15.0,0.02,vanilla,True,0,40,adjoint,0.00960366815403756,20.175628550040408,0.4041558932357341,0.006223488731140942,22.059660924908155,0.6392881480863374,1.884032374867747,0.2351322548506033,True,40,40
val_images_circle,circle,test009.png,8,upright,0.0,False,100,521,521,80892.0,0.2980095148086548,blur,red_gd,wavelet,15.0,fixed10p0,0.8,1.0,15.0,0.02,G16_fixed,True,16,40,adjoint,0.00960366815403756,20.175628550040408,0.4041558932357341,0.006390874772410668,21.944396922595907,0.6358105174182861,1.768768372555499,0.231654624182552,True,40,640
val_images_circle,circle,test009.png,8,rot30_padded,30.0,False,100,521,521,80896.0,0.2980242371559143,blur,red_gd,wavelet,15.0,fixed10p0,0.8,1.0,15.0,0.02,vanilla,False,0,40,adjoint,0.009605904923209662,20.174617162115002,0.4048918470551696,0.00622309914118127,22.05993280146016,0.6363558225993868,1.8853156393451584,0.23146397554421722,True,40,40
val_images_circle,circle,test009.png,8,rot30_padded,30.0,False,100,521,521,80896.0,0.2980242371559143,blur,red_gd,wavelet,15.0,fixed10p0,0.8,1.0,15.0,0.02,G16_fixed,False,16,40,adjoint,0.009605904923209662,20.174617162115002,0.4048918470551696,0.00603219527232496,22.19524608066576,0.6461158462717563,2.0206289185507593,0.24122399921658672,True,40,640
val_images_circle,circle,test009.png,8,rot45_padded,45.0,False,100,521,521,80887.0,0.2979910969734192,blur,red_gd,wavelet,15.0,fixed10p0,0.8,1.0,15.0,0.02,vanilla,False,0,40,adjoint,0.009533169694392331,20.207626762863235,0.409983313913237,0.006230798528637945,22.054562913251452,0.6355899086070691,1.846936150388217,0.2256065946938321,True,40,40
val_images_circle,circle,test009.png,8,rot45_padded,45.0,False,100,521,521,80887.0,0.2979910969734192,blur,red_gd,wavelet,15.0,fixed10p0,0.8,1.0,15.0,0.02,G16_fixed,False,16,40,adjoint,0.009533169694392331,20.207626762863235,0.409983313913237,0.006004531854503621,22.215208468674508,0.6461661503857233,2.0075817058112726,0.23618283647248633,True,40,640
val_images_circle,circle,test009.png,8,rot60_padded,60.0,False,100,521,521,80896.0,0.2980242371559143,blur,red_gd,wavelet,15.0,fixed10p0,0.8,1.0,15.0,0.02,vanilla,False,0,40,adjoint,0.009318901013724411,20.30635301360323,0.41521627691727653,0.006199162972124317,22.076669461675532,0.6363612790650959,1.770316448072304,0.22114500214781935,True,40,40
val_images_circle,circle,test009.png,8,rot60_padded,60.0,False,100,521,521,80896.0,0.2980242371559143,blur,red_gd,wavelet,15.0,fixed10p0,0.8,1.0,15.0,0.02,G16_fixed,False,16,40,adjoint,0.009318901013724411,20.30635301360323,0.41521627691727653,0.005995235488384585,22.221937534663198,0.6470613600332525,1.9155845210599693,0.23184508311597601,True,40,640
val_images_circle,circle,test010.png,9,upright,0.0,False,100,521,521,80892.0,0.2980095148086548,blur,red_gd,wavelet,15.0,fixed10p0,0.8,1.0,15.0,0.02,vanilla,True,0,40,adjoint,0.006516843723247509,21.85962693450469,0.36749491219774516,0.0032972724302252543,24.818451687028784,0.6797839828104139,2.9588247525240945,0.3122890706126687,True,40,40
val_images_circle,circle,test010.png,9,upright,0.0,False,100,521,521,80892.0,0.2980095148086548,blur,red_gd,wavelet,15.0,fixed10p0,0.8,1.0,15.0,0.02,G16_fixed,True,16,40,adjoint,0.006516843723247509,21.85962693450469,0.36749491219774516,0.003311973246953693,24.799131799630363,0.6823805679949809,2.9395048651256737,0.31488565579723576,True,40,640
val_images_circle,circle,test010.png,9,rot30_padded,30.0,False,100,521,521,80896.0,0.2980242371559143,blur,red_gd,wavelet,15.0,fixed10p0,0.8,1.0,15.0,0.02,vanilla,False,0,40,adjoint,0.0066634756100328665,21.762991875661513,0.3662867727158945,0.003300522324405139,24.81417325377727,0.6805967499938192,3.051181378115757,0.31430997727792476,True,40,40
val_images_circle,circle,test010.png,9,rot30_padded,30.0,False,100,521,521,80896.0,0.2980242371559143,blur,red_gd,wavelet,15.0,fixed10p0,0.8,1.0,15.0,0.02,G16_fixed,False,16,40,adjoint,0.0066634756100328665,21.762991875661513,0.3662867727158945,0.0032308671293379385,24.90680902143883,0.6889216748973991,3.143817145777316,0.3226349021815046,True,40,640
val_images_circle,circle,test010.png,9,rot45_padded,45.0,False,100,521,521,80887.0,0.2979910969734192,blur,red_gd,wavelet,15.0,fixed10p0,0.8,1.0,15.0,0.02,vanilla,False,0,40,adjoint,0.006854818428699142,21.64004044369493,0.36428817652249434,0.0033011872405234307,24.81329842158649,0.6794710039159568,3.173257977891563,0.3151828273934625,True,40,40
val_images_circle,circle,test010.png,9,rot45_padded,45.0,False,100,521,521,80887.0,0.2979910969734192,blur,red_gd,wavelet,15.0,fixed10p0,0.8,1.0,15.0,0.02,G16_fixed,False,16,40,adjoint,0.006854818428699142,21.64004044369493,0.36428817652249434,0.0032180653516586024,24.92405140604756,0.6883395682402611,3.2840109623526317,0.32405139171776676,True,40,640
val_images_circle,circle,test010.png,9,rot60_padded,60.0,False,100,521,521,80896.0,0.2980242371559143,blur,red_gd,wavelet,15.0,fixed10p0,0.8,1.0,15.0,0.02,vanilla,False,0,40,adjoint,0.006749373448045948,21.707365413446684,0.3697934935364542,0.003314069932020163,24.79638331532245,0.6804882967019383,3.089017901875767,0.31069480316548415,True,40,40
val_images_circle,circle,test010.png,9,rot60_padded,60.0,False,100,521,521,80896.0,0.2980242371559143,blur,red_gd,wavelet,15.0,fixed10p0,0.8,1.0,15.0,0.02,G16_fixed,False,16,40,adjoint,0.006749373448045948,21.707365413446684,0.3697934935364542,0.0032315582414216633,24.90588012509338,0.6882539580139933,3.1985147116466948,0.31846046447753906,True,40,640
