dataset,eval_mask,input_pose,input_rotate_expand,problem,algorithm,denoiser,train_sigma,schedule,rho,step,red_input_sigma,lambda,mode,base_group_size,num_iter,mean_final_psnr,mean_degraded_psnr,mean_final_ssim,mean_degraded_ssim,mean_final_se,mean_degraded_se,fail_rate,mean_gap_psnr,mean_gap_ssim,n,final_psnr_from_mean_se,degraded_psnr_from_mean_se
val_images_circle,circle,rot45_padded,False,blur,pnp_hqs,wavelet,15.0,fixed10p0,0.4,0.5,0.0,0.15,vanilla,0,20,23.332311377155456,22.13712774680254,0.6919830138517983,0.6464987379532782,0.004888594136541652,0.006477052811152084,0.09999999999999998,1.1951836303529162,0.04548427589852006,10,23.108160174666036,21.886225618779534
val_images_circle,circle,rot45_padded,False,blur,pnp_hqs,wavelet,15.0,fixed10p0,0.8,0.5,0.0,0.15,vanilla,0,20,22.654703157002825,22.13712774680254,0.6492337263006441,0.6464987379532782,0.005827758727939054,0.006477052811152084,0.4,0.5175754102002834,0.0027349883473659353,10,22.34498436533776,21.886225618779534
val_images_circle,circle,rot45_padded,False,blur,pnp_hqs,wavelet,15.0,fixed15p0,0.4,0.5,0.0,0.15,vanilla,0,20,22.079665535520185,22.13712774680254,0.6314337096098686,0.6464987379532782,0.006607502808478953,0.006477052811152084,0.7,-0.0574622112823544,-0.015065028343409647,10,21.7996264360198,21.886225618779534
val_images_circle,circle,rot45_padded,False,blur,pnp_hqs,wavelet,15.0,fixed15p0,0.8,0.5,0.0,0.15,vanilla,0,20,21.729722175009194,22.13712774680254,0.6096017984697031,0.6464987379532782,0.007085335005441405,0.006477052811152084,1.0,-0.4074055717933476,-0.036896939483575045,10,21.49639610825831,21.886225618779534
val_images_circle,circle,rot45_padded,False,blur,pnp_hqs,wavelet,15.0,fixed3p0,0.4,0.5,0.0,0.15,vanilla,0,20,24.728933750146716,22.13712774680254,0.7708380324434677,0.6464987379532782,0.0036908178500552106,0.006477052811152084,0.0,2.591806003344173,0.1243392944901895,10,24.328773876593726,21.886225618779534
val_images_circle,circle,rot45_padded,False,blur,pnp_hqs,wavelet,15.0,fixed3p0,0.8,0.5,0.0,0.15,vanilla,0,20,24.344972150090037,22.13712774680254,0.7549143081287168,0.6464987379532782,0.004020180499466871,0.006477052811152084,0.0,2.207844403287497,0.1084155701754386,10,23.95754447372586,21.886225618779534
val_images_circle,circle,rot45_padded,False,blur,pnp_hqs,wavelet,15.0,fixed5p0,0.4,0.5,0.0,0.15,vanilla,0,20,24.22828206683003,22.13712774680254,0.754740156112842,0.6464987379532782,0.004115743554431536,0.006477052811152084,0.0,2.0911543200274894,0.10824141815956378,10,23.855516932791275,21.886225618779534
val_images_circle,circle,rot45_padded,False,blur,pnp_hqs,wavelet,15.0,fixed5p0,0.8,0.5,0.0,0.15,vanilla,0,20,24.081532829354007,22.13712774680254,0.7364501521487827,0.6464987379532782,0.004246917562745435,0.006477052811152084,0.0,1.9444050825514652,0.08995141419550459,10,23.719261690522302,21.886225618779534
val_images_circle,circle,rot45_padded,False,blur,pnp_hqs,wavelet,15.0,fixed7p5,0.4,0.5,0.0,0.15,vanilla,0,20,23.972745427210917,22.13712774680254,0.731548883688476,0.6464987379532782,0.004319686552903529,0.006477052811152084,0.0,1.8356176804083755,0.08505014573519776,10,23.645477655191506,21.886225618779534
val_images_circle,circle,rot45_padded,False,blur,pnp_hqs,wavelet,15.0,fixed7p5,0.8,0.5,0.0,0.15,vanilla,0,20,23.576869206125274,22.13712774680254,0.6966371081531347,0.6464987379532782,0.004692198072545036,0.006477052811152084,0.0,1.4397414593227325,0.05013837019985656,10,23.286236632236708,21.886225618779534
val_images_circle,circle,rot45_padded,False,blur,pnp_hqs,wavelet,15.0,linear10p0_to_2p0,0.4,0.5,0.0,0.15,vanilla,0,20,24.062719741423795,22.13712774680254,0.7465525096821952,0.6464987379532782,0.004248452572438014,0.006477052811152084,0.0,1.925591994621254,0.10005377172891708,10,23.71769225626387,21.886225618779534
val_images_circle,circle,rot45_padded,False,blur,pnp_hqs,wavelet,15.0,linear10p0_to_2p0,0.8,0.5,0.0,0.15,vanilla,0,20,23.75933789053901,22.13712774680254,0.7198949360109664,0.6464987379532782,0.004519263564020039,0.006477052811152084,0.0,1.622210143736467,0.07339619805768824,10,23.44932329821337,21.886225618779534
val_images_circle,circle,rot45_padded,False,blur,pnp_hqs,wavelet,15.0,linear15p0_to_3p0,0.4,0.5,0.0,0.15,vanilla,0,20,23.05749613538769,22.13712774680254,0.6921990328622826,0.6464987379532782,0.005265675180839676,0.006477052811152084,0.19999999999999996,0.9203683885851504,0.04570029490900435,10,22.785459343525865,21.886225618779534
val_images_circle,circle,rot45_padded,False,blur,pnp_hqs,wavelet,15.0,linear15p0_to_3p0,0.8,0.5,0.0,0.15,vanilla,0,20,22.37080337463399,22.13712774680254,0.647628630050505,0.6464987379532782,0.00625805239141361,0.006477052811152084,0.7,0.23367562783144927,0.0011298920972268478,10,22.035608053306714,21.886225618779534
val_images_circle,circle,rot45_padded,False,blur,red_gd,wavelet,15.0,fixed3p25,0.8,3.8461538461538467,1.4142135623730951,0.02,vanilla,0,20,26.22115271231234,22.13712774680254,0.8182426265021698,0.6464987379532782,0.002691063860227577,0.006477052811152084,0.0,4.0840249655098,0.1717438885488916,10,25.700759960989824,21.886225618779534
val_images_circle,circle,rot45_padded,False,blur,red_gd,wavelet,15.0,fixed3p25,0.8,3.921568627450981,1.4142135623730951,0.01,vanilla,0,20,26.242845272570584,22.13712774680254,0.8192063014632247,0.6464987379532782,0.0026775259980049066,0.006477052811152084,0.0,4.105717525768038,0.17270756350994645,10,25.7226630360152,21.886225618779534
val_images_circle,circle,rot45_padded,False,blur,red_gd,wavelet,15.0,fixed3p25,0.8,3.9603960396039612,1.4142135623730951,0.005,vanilla,0,20,26.22482667649594,22.13712774680254,0.8185387622012661,0.6464987379532782,0.0026841824921606237,0.006477052811152084,0.0,4.087698929693397,0.17204002424798784,10,25.711879606922846,21.886225618779534
val_images_circle,circle,rot45_padded,False,blur,red_gd,wavelet,15.0,fixed4p1,0.8,3.8461538461538467,1.4142135623730951,0.02,vanilla,0,20,26.15685992319635,22.13712774680254,0.8153999304937379,0.6464987379532782,0.0027208912999416883,0.006477052811152084,0.0,4.019732176393812,0.16890119254045965,10,25.652888080102002,21.886225618779534
val_images_circle,circle,rot45_padded,False,blur,red_gd,wavelet,15.0,fixed4p1,0.8,3.921568627450981,1.4142135623730951,0.01,vanilla,0,20,26.232345289443835,22.13712774680254,0.8189456916162852,0.6464987379532782,0.0026828068467604246,0.006477052811152084,0.0,4.095217542641291,0.17244695366300705,10,25.714105939720312,21.886225618779534
val_images_circle,circle,rot45_padded,False,blur,red_gd,wavelet,15.0,fixed4p1,0.8,3.9603960396039612,1.4142135623730951,0.005,vanilla,0,20,26.22519536628762,22.13712774680254,0.8188042595091056,0.6464987379532782,0.002684368862074139,0.006477052811152084,0.0,4.088067619485076,0.1723055215558275,10,25.711578075207026,21.886225618779534
val_images_circle,circle,rot45_padded,False,blur,red_gd,wavelet,15.0,fixed5p0,0.8,3.8461538461538467,1.4142135623730951,0.02,vanilla,0,20,25.95654518608095,22.13712774680254,0.8098479536027348,0.6464987379532782,0.0028104058315171973,0.006477052811152084,0.0,3.819417439278412,0.16334921564945662,10,25.512309620656207,21.886225618779534
val_images_circle,circle,rot45_padded,False,blur,red_gd,wavelet,15.0,fixed5p0,0.8,3.921568627450981,1.4142135623730951,0.01,vanilla,0,20,26.192074943252074,22.13712774680254,0.8175794048193069,0.6464987379532782,0.0027002954625111224,0.006477052811152084,0.0,4.054947196449533,0.17108066686602869,10,25.685887133529533,21.886225618779534
val_images_circle,circle,rot45_padded,False,blur,red_gd,wavelet,15.0,fixed5p0,0.8,3.9603960396039612,1.4142135623730951,0.005,vanilla,0,20,26.220014227749765,22.13712774680254,0.81872794364236,0.6464987379532782,0.0026869819931355323,0.006477052811152084,0.0,4.082886480947224,0.17222920568908173,10,25.707352439903815,21.886225618779534
val_images_circle,circle,rot45_padded,False,inpaint,pnp_hqs,wavelet,15.0,fixed10p0,0.4,0.5,0.0,0.15,vanilla,0,20,11.669533710753008,9.5260567439553,0.259257006093099,0.1336941065479999,0.08756523124306484,0.12726566291162852,0.0,2.1434769667977083,0.12556289954509908,10,10.57668301099854,8.95288755965786
val_images_circle,circle,rot45_padded,False,inpaint,pnp_hqs,wavelet,15.0,fixed10p0,0.8,0.5,0.0,0.15,vanilla,0,20,11.683516197369899,9.5260567439553,0.2588890876230945,0.1336941065479999,0.08740789889021797,0.12726566291162852,0.0,2.157459453414598,0.12519498107509458,10,10.584493192027972,8.95288755965786
val_images_circle,circle,rot45_padded,False,inpaint,pnp_hqs,wavelet,15.0,fixed15p0,0.4,0.5,0.0,0.15,vanilla,0,20,16.233490442119482,9.5260567439553,0.4477975203187011,0.1336941065479999,0.048724067276442615,0.12726566291162852,0.0,6.707433698164181,0.31410341377070117,10,13.122564658187816,8.95288755965786
val_images_circle,circle,rot45_padded,False,inpaint,pnp_hqs,wavelet,15.0,fixed15p0,0.8,0.5,0.0,0.15,vanilla,0,20,16.396176280168028,9.5260567439553,0.4368128444887214,0.1336941065479999,0.048087467231192546,0.12726566291162852,0.0,6.8701195362127265,0.30311873794072147,10,13.179680966314155,8.95288755965786
val_images_circle,circle,rot45_padded,False,inpaint,pnp_hqs,wavelet,15.0,fixed3p0,0.4,0.5,0.0,0.15,vanilla,0,20,9.692346039302194,9.5260567439553,0.14231477138949936,0.1336941065479999,0.12340824828088874,0.12726566291162852,0.0,0.16628929534689432,0.00862066484149945,10,9.086558122382659,8.95288755965786
val_images_circle,circle,rot45_padded,False,inpaint,pnp_hqs,wavelet,15.0,fixed3p0,0.8,0.5,0.0,0.15,vanilla,0,20,9.692420244034738,9.5260567439553,0.14229854666134262,0.1336941065479999,0.12340680908785684,0.12726566291162852,0.0,0.166363500079437,0.008604440113342729,10,9.086608770313042,8.95288755965786
val_images_circle,circle,rot45_padded,False,inpaint,pnp_hqs,wavelet,15.0,fixed5p0,0.4,0.5,0.0,0.15,vanilla,0,20,9.998731209341047,9.5260567439553,0.15889911126449624,0.1336941065479999,0.11669684746215211,0.12726566291162852,0.0,0.472674465385747,0.02520500471649636,10,9.329408761592958,8.95288755965786
val_images_circle,circle,rot45_padded,False,inpaint,pnp_hqs,wavelet,15.0,fixed5p0,0.8,0.5,0.0,0.15,vanilla,0,20,9.999322188000392,9.5260567439553,0.15891116631720356,0.1336941065479999,0.11668636743235598,0.12726566291162852,0.0,0.4732654440450916,0.02521705976920367,10,9.32979879984963,8.95288755965786
val_images_circle,circle,rot45_padded,False,inpaint,pnp_hqs,wavelet,15.0,fixed7p5,0.4,0.5,0.0,0.15,vanilla,0,20,10.644756071385071,9.5260567439553,0.19726202641373186,0.1336941065479999,0.10405777879487191,0.12726566291162852,0.0,1.1186993274297725,0.06356791986573199,10,9.827254487400587,8.95288755965786
val_images_circle,circle,rot45_padded,False,inpaint,pnp_hqs,wavelet,15.0,fixed7p5,0.8,0.5,0.0,0.15,vanilla,0,20,10.648261244763683,9.5260567439553,0.19743133262320264,0.1336941065479999,0.10400575112160466,0.12726566291162852,0.0,1.1222045008083832,0.06373722607520275,10,9.829426452077554,8.95288755965786
val_images_circle,circle,rot45_padded,False,inpaint,pnp_hqs,wavelet,15.0,linear10p0_to_2p0,0.4,0.5,0.0,0.15,vanilla,0,20,10.344617742792995,9.5260567439553,0.17899232992215608,0.1336941065479999,0.1097061635083624,0.12726566291162852,0.0,0.8185609988376961,0.04529822337415619,10,9.597689722204008,8.95288755965786
val_images_circle,circle,rot45_padded,False,inpaint,pnp_hqs,wavelet,15.0,linear10p0_to_2p0,0.8,0.5,0.0,0.15,vanilla,0,20,10.347725422328432,9.5260567439553,0.17919183141563275,0.1336941065479999,0.10965666528929133,0.12726566291162852,0.0,0.821668678373132,0.04549772486763288,10,9.599649653509532,8.95288755965786
val_images_circle,circle,rot45_padded,False,inpaint,pnp_hqs,wavelet,15.0,linear15p0_to_3p0,0.4,0.5,0.0,0.15,vanilla,0,20,11.559540944766944,9.5260567439553,0.2564253931991271,0.1336941065479999,0.08926455479336279,0.12726566291162852,0.0,2.0334842008116447,0.12273128665112724,10,10.493209567162465,8.95288755965786
val_images_circle,circle,rot45_padded,False,inpaint,pnp_hqs,wavelet,15.0,linear15p0_to_3p0,0.8,0.5,0.0,0.15,vanilla,0,20,11.582540612971673,9.5260567439553,0.25784638563090356,0.1336941065479999,0.08900635788876757,0.12726566291162852,0.0,2.056483869016374,0.12415227908290369,10,10.505789697889378,8.95288755965786
val_images_circle,circle,rot45_padded,False,inpaint,red_gd,wavelet,15.0,fixed3p25,0.8,3.8461538461538467,1.4142135623730951,0.02,vanilla,0,20,9.540868476135945,9.5260567439553,0.13446056739074497,0.1336941065479999,0.12691601688067178,0.12726566291162852,0.0,0.014811732180644466,0.0007664608427450766,10,8.964835662114725,8.95288755965786
val_images_circle,circle,rot45_padded,False,inpaint,red_gd,wavelet,15.0,fixed3p25,0.8,3.921568627450981,1.4142135623730951,0.01,vanilla,0,20,9.533605353996942,9.5260567439553,0.13408514507452124,0.1336941065479999,0.12708731405432847,0.12726566291162852,0.0,0.007548610041641623,0.0003910385265213312,10,8.958977988651235,8.95288755965786
val_images_circle,circle,rot45_padded,False,inpaint,red_gd,wavelet,15.0,fixed3p25,0.8,3.9603960396039612,1.4142135623730951,0.005,vanilla,0,20,9.529867760543853,9.5260567439553,0.13389171608218042,0.1336941065479999,0.12717558234676168,0.12726566291162852,0.0,0.0038110165885524515,0.00019760953418054283,10,8.955962650242578,8.95288755965786
val_images_circle,circle,rot45_padded,False,inpaint,red_gd,wavelet,15.0,fixed4p1,0.8,3.8461538461538467,1.4142135623730951,0.02,vanilla,0,20,9.549674724702808,9.5260567439553,0.1349164299725375,0.1336941065479999,0.12670882017176816,0.12726566291162852,0.0,0.023617980747506716,0.0012223234245376017,10,8.971931529255299,8.95288755965786
val_images_circle,circle,rot45_padded,False,inpaint,red_gd,wavelet,15.0,fixed4p1,0.8,3.921568627450981,1.4142135623730951,0.01,vanilla,0,20,9.538089468309973,9.5260567439553,0.13431750230657244,0.1336941065479999,0.12698157803942114,0.12726566291162852,0.0,0.012032724354672463,0.0006233957585725667,10,8.962592801160188,8.95288755965786
val_images_circle,circle,rot45_padded,False,inpaint,red_gd,wavelet,15.0,fixed4p1,0.8,3.9603960396039612,1.4142135623730951,0.005,vanilla,0,20,9.53213061182097,9.5260567439553,0.13400907490893482,0.1336941065479999,0.12712216437921905,0.12726566291162852,0.0,0.0060738678656688805,0.00031496836093493076,10,8.957787214492805,8.95288755965786
val_images_circle,circle,rot45_padded,False,inpaint,red_gd,wavelet,15.0,fixed5p0,0.8,3.8461538461538467,1.4142135623730951,0.02,vanilla,0,20,9.56127013379415,9.5260567439553,0.13551734015105152,0.1336941065479999,0.1264367915596448,0.12726566291162852,0.0,0.03521338983885096,0.0018232336030516313,10,8.981265332818495,8.95288755965786
val_images_circle,circle,rot45_padded,False,inpaint,red_gd,wavelet,15.0,fixed5p0,0.8,3.921568627450981,1.4142135623730951,0.01,vanilla,0,20,9.543990441814072,9.5260567439553,0.13462334531437387,0.1336941065479999,0.12684266753848925,0.12726566291162852,0.0,0.01793369785877328,0.0009292387663739597,10,8.967346332086173,8.95288755965786
val_images_circle,circle,rot45_padded,False,inpaint,red_gd,wavelet,15.0,fixed5p0,0.8,3.9603960396039612,1.4142135623730951,0.005,vanilla,0,20,9.535108081148586,9.5260567439553,0.13416348450462395,0.1336941065479999,0.1270519469722083,0.12726566291162852,0.0,0.009051337193285925,0.0004693779566240744,10,8.960186753376757,8.95288755965786
val_images_circle,circle,upright,False,blur,pnp_hqs,wavelet,15.0,fixed10p0,0.4,0.5,0.0,0.15,vanilla,0,20,23.621526848680105,22.62081142304096,0.7013356688161376,0.6479331527685062,0.004605674394683845,0.005952214598154647,0.09999999999999998,1.0007154256391455,0.053402516047631424,10,23.36706768410545,22.253214193448564
val_images_circle,circle,upright,False,blur,pnp_hqs,wavelet,15.0,fixed10p0,0.8,0.5,0.0,0.15,vanilla,0,20,22.923829846521524,22.62081142304096,0.6550942634160362,0.6479331527685062,0.005488523385093608,0.005952214598154647,0.30000000000000004,0.3030184234805663,0.007161110647530039,10,22.605444810440325,22.253214193448564
val_images_circle,circle,upright,False,blur,pnp_hqs,wavelet,15.0,fixed15p0,0.4,0.5,0.0,0.15,vanilla,0,20,22.24195562609264,22.62081142304096,0.6313302671308658,0.6479331527685062,0.0064054863286561875,0.005952214598154647,0.9,-0.37885579694831717,-0.016602885637640296,10,21.934478913941355,22.253214193448564
val_images_circle,circle,upright,False,blur,pnp_hqs,wavelet,15.0,fixed15p0,0.8,0.5,0.0,0.15,vanilla,0,20,21.851930275028344,22.62081142304096,0.607530101864214,0.6479331527685062,0.00694140102414958,0.005952214598154647,1.0,-0.768881148012617,-0.040403050904292144,10,21.585528644660677,22.253214193448564
val_images_circle,circle,upright,False,blur,pnp_hqs,wavelet,15.0,fixed3p0,0.4,0.5,0.0,0.15,vanilla,0,20,24.882409047233214,22.62081142304096,0.7753259989013128,0.6479331527685062,0.003595716326195344,0.005952214598154647,0.0,2.2615976241922535,0.12739284613280671,10,24.442145780143292,22.253214193448564
val_images_circle,circle,upright,False,blur,pnp_hqs,wavelet,15.0,fixed3p0,0.8,0.5,0.0,0.15,vanilla,0,20,24.537314024063523,22.62081142304096,0.7612183190627626,0.6479331527685062,0.0038784994968455245,0.005952214598154647,0.0,1.9165026010225634,0.11328516629425653,10,24.1133626056045,22.253214193448564
val_images_circle,circle,upright,False,blur,pnp_hqs,wavelet,15.0,fixed5p0,0.4,0.5,0.0,0.15,vanilla,0,20,24.512253605686247,22.62081142304096,0.7624716008304282,0.6479331527685062,0.003886779821373521,0.005952214598154647,0.0,1.8914421826452865,0.11453844806192207,10,24.104100606218527,22.253214193448564
val_images_circle,circle,upright,False,blur,pnp_hqs,wavelet,15.0,fixed5p0,0.8,0.5,0.0,0.15,vanilla,0,20,24.341783387737387,22.62081142304096,0.7429523121878554,0.6479331527685062,0.004033196986927062,0.005952214598154647,0.0,1.7209719646964263,0.09501915941934927,10,23.943505659303437,22.253214193448564
val_images_circle,circle,upright,False,blur,pnp_hqs,wavelet,15.0,fixed7p5,0.4,0.5,0.0,0.15,vanilla,0,20,24.24456877171736,22.62081142304096,0.7390603366216684,0.6479331527685062,0.004086517260795306,0.005952214598154647,0.0,1.6237573486764028,0.09112718385316224,10,23.886466623508767,22.253214193448564
val_images_circle,circle,upright,False,blur,pnp_hqs,wavelet,15.0,fixed7p5,0.8,0.5,0.0,0.15,vanilla,0,20,23.82018001834886,22.62081142304096,0.7033998842592593,0.6479331527685062,0.004464509846377442,0.005952214598154647,0.0,1.1993685953079005,0.055466731490753096,10,23.502262148714195,22.253214193448564
val_images_circle,circle,upright,False,blur,pnp_hqs,wavelet,15.0,linear10p0_to_2p0,0.4,0.5,0.0,0.15,vanilla,0,20,24.344961585770076,22.62081142304096,0.7546010421302477,0.6479331527685062,0.004010542480185049,0.005952214598154647,0.0,1.7241501627291158,0.10666788936174157,10,23.967968791961756,22.253214193448564
val_images_circle,circle,upright,False,blur,pnp_hqs,wavelet,15.0,linear10p0_to_2p0,0.8,0.5,0.0,0.15,vanilla,0,20,23.98495580033278,22.62081142304096,0.7260347853851432,0.6479331527685062,0.004308392790171087,0.005952214598154647,0.0,1.3641443772918218,0.07810163261663701,10,23.656847095459362,22.253214193448564
val_images_circle,circle,upright,False,blur,pnp_hqs,wavelet,15.0,linear15p0_to_3p0,0.4,0.5,0.0,0.15,vanilla,0,20,23.34326669245845,22.62081142304096,0.7027982188056298,0.6479331527685062,0.004942363502658252,0.005952214598154647,0.19999999999999996,0.7224552694174904,0.05486506603712358,10,23.060653161186707,22.253214193448564
val_images_circle,circle,upright,False,blur,pnp_hqs,wavelet,15.0,linear15p0_to_3p0,0.8,0.5,0.0,0.15,vanilla,0,20,22.509038119842693,22.62081142304096,0.6469698699346041,0.6479331527685062,0.006104614611685421,0.005952214598154647,0.6,-0.11177330319826488,-0.000963282833901985,10,22.14341748148493,22.253214193448564
val_images_circle,circle,upright,False,blur,red_gd,wavelet,15.0,fixed3p25,0.8,3.8461538461538467,1.4142135623730951,0.02,vanilla,0,20,26.425026567701526,22.62081142304096,0.8221726576793749,0.6479331527685062,0.0026033749797545456,0.005952214598154647,0.0,3.804215144660565,0.17423950491086881,10,25.844632733393198,22.253214193448564
val_images_circle,circle,upright,False,blur,red_gd,wavelet,15.0,fixed3p25,0.8,3.921568627450981,1.4142135623730951,0.01,vanilla,0,20,26.455664857784047,22.62081142304096,0.8230655920857439,0.6479331527685062,0.002586559121547311,0.005952214598154647,0.0,3.834853434743087,0.17513243931723782,10,25.872775903775302,22.253214193448564
val_images_circle,circle,upright,False,blur,red_gd,wavelet,15.0,fixed3p25,0.8,3.9603960396039612,1.4142135623730951,0.005,vanilla,0,20,26.443450912178747,22.62081142304096,0.8222052097627083,0.6479331527685062,0.002590200456921922,0.005952214598154647,0.0,3.8226394891377895,0.17427205699420217,10,25.866666243487643,22.253214193448564
val_images_circle,circle,upright,False,blur,red_gd,wavelet,15.0,fixed4p1,0.8,3.8461538461538467,1.4142135623730951,0.02,vanilla,0,20,26.33901929764152,22.62081142304096,0.818907472695075,0.6479331527685062,0.002639611246135134,0.005952214598154647,0.0,3.718207874600563,0.17097431992656878,10,25.784600299825826,22.253214193448564
val_images_circle,circle,upright,False,blur,red_gd,wavelet,15.0,fixed4p1,0.8,3.921568627450981,1.4142135623730951,0.01,vanilla,0,20,26.442730319206778,22.62081142304096,0.8227676398392301,0.6479331527685062,0.0025926871592830032,0.005952214598154647,0.0,3.8219188961658177,0.1748344870707239,10,25.86249883228218,22.253214193448564
val_images_circle,circle,upright,False,blur,red_gd,wavelet,15.0,fixed4p1,0.8,3.9603960396039612,1.4142135623730951,0.005,vanilla,0,20,26.44373956907672,22.62081142304096,0.8225087008372274,0.6479331527685062,0.002590516612949814,0.005952214598154647,0.0,3.8229281460357583,0.17457554806872125,10,25.866136182429873,22.253214193448564
val_images_circle,circle,upright,False,blur,red_gd,wavelet,15.0,fixed5p0,0.8,3.8461538461538467,1.4142135623730951,0.02,vanilla,0,20,26.134970208258643,22.62081142304096,0.8130848171790783,0.6479331527685062,0.0027339092968232093,0.005952214598154647,0.0,3.5141587852176848,0.16515166441057214,10,25.632158981597904,22.253214193448564
val_images_circle,circle,upright,False,blur,red_gd,wavelet,15.0,fixed5p0,0.8,3.921568627450981,1.4142135623730951,0.01,vanilla,0,20,26.388932556725887,22.62081142304096,0.8211951100695989,0.6479331527685062,0.0026140913684850444,0.005952214598154647,0.0,3.76812113368493,0.1732619573010928,10,25.82679236902606,22.253214193448564
val_images_circle,circle,upright,False,blur,red_gd,wavelet,15.0,fixed5p0,0.8,3.9603960396039612,1.4142135623730951,0.005,vanilla,0,20,26.43685843176935,22.62081142304096,0.8223939548642016,0.6479331527685062,0.002593708665530217,0.005952214598154647,0.0,3.816047008728391,0.17446080209569548,10,25.860788069945034,22.253214193448564
val_images_circle,circle,upright,False,inpaint,pnp_hqs,wavelet,15.0,fixed10p0,0.4,0.5,0.0,0.15,vanilla,0,20,11.688705706936917,9.526506866491307,0.25639693528002616,0.12980753490185987,0.08718794414446886,0.12716230569675463,0.0,2.16219884044561,0.12658940037816627,10,10.59543562699347,8.956416060930684
val_images_circle,circle,upright,False,inpaint,pnp_hqs,wavelet,15.0,fixed10p0,0.8,0.5,0.0,0.15,vanilla,0,20,11.702841579198497,9.526506866491307,0.25613011177808837,0.12980753490185987,0.08702937919685738,0.12716230569675463,0.0,2.176334712707191,0.12632257687622847,10,10.603341144018465,8.956416060930684
val_images_circle,circle,upright,False,inpaint,pnp_hqs,wavelet,15.0,fixed15p0,0.4,0.5,0.0,0.15,vanilla,0,20,16.35147603944005,9.526506866491307,0.45192405218918436,0.12980753490185987,0.048131333110488464,0.12716230569675463,0.0,6.824969172948743,0.3221165172873245,10,13.175721093488004,8.956416060930684
val_images_circle,circle,upright,False,inpaint,pnp_hqs,wavelet,15.0,fixed15p0,0.8,0.5,0.0,0.15,vanilla,0,20,16.509740440872307,9.526506866491307,0.4406237444679325,0.12980753490185987,0.04749923477433163,0.12716230569675463,0.0,6.983233574381001,0.31081620956607264,10,13.233133869217053,8.956416060930684
val_images_circle,circle,upright,False,inpaint,pnp_hqs,wavelet,15.0,fixed3p0,0.4,0.5,0.0,0.15,vanilla,0,20,9.693635157416551,9.526506866491307,0.13839676196831113,0.12980753490185987,0.12328465043959073,0.12716230569675463,0.0,0.1671282909252449,0.008589227066451256,10,9.090909918905437,8.956416060930684
val_images_circle,circle,upright,False,inpaint,pnp_hqs,wavelet,15.0,fixed3p0,0.8,0.5,0.0,0.15,vanilla,0,20,9.693711189328308,9.526506866491307,0.13838524487607706,0.12980753490185987,0.1232831625133666,0.12716230569675463,0.0,0.16720432283700298,0.008577709974217165,10,9.090962334355847,8.956416060930684
val_images_circle,circle,upright,False,inpaint,pnp_hqs,wavelet,15.0,fixed5p0,0.4,0.5,0.0,0.15,vanilla,0,20,10.001815645283546,9.526506866491307,0.15490446439195163,0.12980753490185987,0.11653225773349807,0.12716230569675463,0.0,0.47530877879224115,0.025096929490091728,10,9.335538393033124,8.956416060930684
val_images_circle,circle,upright,False,inpaint,pnp_hqs,wavelet,15.0,fixed5p0,0.8,0.5,0.0,0.15,vanilla,0,20,10.002416298440806,9.526506866491307,0.15493291668018777,0.12980753490185987,0.11652157122401627,0.12716230569675463,0.0,0.4759094319494997,0.025125381778327894,10,9.335936678023572,8.956416060930684
val_images_circle,circle,upright,False,inpaint,pnp_hqs,wavelet,15.0,fixed7p5,0.4,0.5,0.0,0.15,vanilla,0,20,10.652898371225834,9.526506866491307,0.1935513458531128,0.12980753490185987,0.10380586387318509,0.12716230569675463,0.0,1.1263915047345268,0.06374381095125291,10,9.837781130016563,8.956416060930684
val_images_circle,circle,upright,False,inpaint,pnp_hqs,wavelet,15.0,fixed7p5,0.8,0.5,0.0,0.15,vanilla,0,20,10.656437093956503,9.526506866491307,0.19377884766011316,0.12980753490185987,0.10375331834710941,0.12716230569675463,0.0,1.1299302274651968,0.06397131275825328,10,9.839980043335334,8.956416060930684
val_images_circle,circle,upright,False,inpaint,pnp_hqs,wavelet,15.0,linear10p0_to_2p0,0.4,0.5,0.0,0.15,vanilla,0,20,10.350138488822035,9.526506866491307,0.174968145702758,0.12980753490185987,0.10949573449881478,0.12716230569675463,0.0,0.8236316223307278,0.0451606108008981,10,9.606027988120763,8.956416060930684
val_images_circle,circle,upright,False,inpaint,pnp_hqs,wavelet,15.0,linear10p0_to_2p0,0.8,0.5,0.0,0.15,vanilla,0,20,10.353266240536362,9.526506866491307,0.1751737257991365,0.12980753490185987,0.10944595748130996,0.12716230569675463,0.0,0.8267593740450565,0.045366190897276615,10,9.60800274991281,8.956416060930684
val_images_circle,circle,upright,False,inpaint,pnp_hqs,wavelet,15.0,linear15p0_to_3p0,0.4,0.5,0.0,0.15,vanilla,0,20,11.577120744432804,9.526506866491307,0.253075854370256,0.12980753490185987,0.08890321764860863,0.12716230569675463,0.0,2.0506138779414984,0.12326831946839614,10,10.510825204499534,8.956416060930684
val_images_circle,circle,upright,False,inpaint,pnp_hqs,wavelet,15.0,linear15p0_to_3p0,0.8,0.5,0.0,0.15,vanilla,0,20,11.600312997629215,9.526506866491307,0.2545193504533823,0.12980753490185987,0.08864420772111659,0.12716230569675463,0.0,2.0738061311379097,0.1247118155515224,10,10.523496372423287,8.956416060930684
val_images_circle,circle,upright,False,inpaint,red_gd,wavelet,15.0,fixed3p25,0.8,3.8461538461538467,1.4142135623730951,0.02,vanilla,0,20,9.541406940945134,9.526506866491307,0.13056881892388153,0.12980753490185987,0.12681035048081085,0.12716230569675463,0.0,0.014900074453828438,0.0007612840220216465,10,8.968452971384743,8.956416060930684
val_images_circle,circle,upright,False,inpaint,red_gd,wavelet,15.0,fixed3p25,0.8,3.921568627450981,1.4142135623730951,0.01,vanilla,0,20,9.534100186471974,9.526506866491307,0.1301958818355029,0.12980753490185987,0.12698279056682057,0.12716230569675463,0.0,0.007593319980667435,0.00038834693364300646,10,8.962551331251504,8.956416060930684
val_images_circle,circle,upright,False,inpaint,red_gd,wavelet,15.0,fixed3p25,0.8,3.9603960396039612,1.4142135623730951,0.005,vanilla,0,20,9.530340338260753,9.526506866491307,0.1300037522300181,0.12980753490185987,0.12707163696560692,0.12716230569675463,0.0,0.003833471769447083,0.00019621732815822205,10,8.959513753620785,8.956416060930684
val_images_circle,circle,upright,False,inpaint,red_gd,wavelet,15.0,fixed4p1,0.8,3.8461538461538467,1.4142135623730951,0.02,vanilla,0,20,9.550264128523022,9.526506866491307,0.1310214346124694,0.12980753490185987,0.12660182471304332,0.12716230569675463,0.0,0.023757262031715777,0.0012138997106095188,10,8.975600347839492,8.956416060930684
val_images_circle,circle,upright,False,inpaint,red_gd,wavelet,15.0,fixed4p1,0.8,3.921568627450981,1.4142135623730951,0.01,vanilla,0,20,9.538611406795095,9.526506866491307,0.13042658283479053,0.12980753490185987,0.12687634136700016,0.12716230569675463,0.0,0.012104540303787558,0.0006190479329306324,10,8.96619353253396,8.956416060930684
val_images_circle,circle,upright,False,inpaint,red_gd,wavelet,15.0,fixed4p1,0.8,3.9603960396039612,1.4142135623730951,0.005,vanilla,0,20,9.532617195439506,9.526506866491307,0.13012028733623998,0.12980753490185987,0.1270178488853193,0.12716230569675463,0.0,0.0061103289482001165,0.00031275243438009804,10,8.961352465422006,8.956416060930684
val_images_circle,circle,upright,False,inpaint,red_gd,wavelet,15.0,fixed5p0,0.8,3.8461538461538467,1.4142135623730951,0.02,vanilla,0,20,9.561926929590786,9.526506866491307,0.13161793669047156,0.12980753490185987,0.12632804930590324,0.12716230569675463,0.0,0.035420063099479114,0.0018104017886116652,10,8.985002099649002,8.956416060930684
val_images_circle,circle,upright,False,inpaint,red_gd,wavelet,15.0,fixed5p0,0.8,3.921568627450981,1.4142135623730951,0.01,vanilla,0,20,9.544546895909427,9.526506866491307,0.13073015117282147,0.12980753490185987,0.12673653062783558,0.12716230569675463,0.0,0.018040029418120794,0.0009226162709615904,10,8.97098185721191,8.956416060930684
val_images_circle,circle,upright,False,inpaint,red_gd,wavelet,15.0,fixed5p0,0.8,3.9603960396039612,1.4142135623730951,0.005,vanilla,0,20,9.535611839616136,9.526506866491307,0.13027353226852625,0.12980753490185987,0.1269471877820118,0.12716230569675463,0.0,0.009104973124829562,0.0004659973666663583,10,8.96376915462035,8.956416060930684
