denoiser,problem,algorithm,schedule,rho,step,red_input_sigma,lambda,mean_final_psnr,mean_gap_psnr,fail_rate,n
restormer,blur,pnp_hqs,fixed15p0,0.1,0.5,0.0,0.15,18.903911170242523,-1.4251903080214237,1.0,40
restormer,blur,pnp_hqs,fixed15p0,0.2,0.5,0.0,0.15,20.729954035154158,0.4008525568902125,0.22499999999999998,40
restormer,blur,pnp_hqs,fixed15p0,0.4,0.5,0.0,0.15,22.80732576946324,2.4782242911992958,0.0,40
restormer,blur,pnp_hqs,fixed15p0,0.8,0.5,0.0,0.15,23.947954327307805,3.6188528490438587,0.0,40
restormer,blur,pnp_hqs,fixed15p0,1.6,0.5,0.0,0.15,24.24759242292873,3.918490944664785,0.0,40
restormer,blur,red_gd,fixed15p0,0.8,1.0,15.0,0.02,22.883310248647483,2.5542087703835366,0.0,40
restormer,blur,red_gd,fixed15p0,0.8,1.0,15.0,0.05,22.678662942953743,2.3495614646897947,0.0,40
restormer,blur,red_gd,fixed15p0,0.8,1.0,15.0,0.1,22.376125349850128,2.047023871586183,0.0,40
restormer,blur,red_gd,fixed15p0,0.8,1.0,15.0,0.2,21.830567139538367,1.5014656612744228,0.0,40
restormer,blur,red_gd,fixed15p0,0.8,1.0,15.0,0.5,20.41178976272469,0.08268828446074705,0.5,40
restormer,blur,red_gd,fixed15p0,0.8,2.0,15.0,0.02,22.9346430323563,2.6055415540923508,0.0,40
restormer,blur,red_gd,fixed15p0,0.8,2.0,15.0,0.05,22.561063598659402,2.231962120395457,0.0,40
restormer,blur,red_gd,fixed15p0,0.8,2.0,15.0,0.1,22.05057909633098,1.7214776180670353,0.0,40
restormer,blur,red_gd,fixed15p0,0.8,2.0,15.0,0.2,21.151701621851327,0.8226001435873813,0.050000000000000044,40
restormer,blur,red_gd,fixed15p0,0.8,2.0,15.0,0.5,18.240092609424075,-2.089008868839869,0.975,40
restormer,blur,red_gd,fixed15p0,0.8,4.0,15.0,0.02,22.972626561261414,2.643525082997466,0.0,40
restormer,blur,red_gd,fixed15p0,0.8,4.0,15.0,0.05,22.40259781646867,2.073496338204725,0.0,40
restormer,blur,red_gd,fixed15p0,0.8,4.0,15.0,0.1,21.54028423536592,1.2111827571019738,0.0,40
restormer,blur,red_gd,fixed15p0,0.8,4.0,15.0,0.2,19.86969989910168,-0.45940157916226865,0.775,40
restormer,blur,red_gd,fixed15p0,0.8,4.0,15.0,0.5,16.120736962523015,-4.208364515740933,1.0,40
restormer,blur,red_gd,fixed15p0,0.8,8.0,15.0,0.02,23.04325747270213,2.7141559944381846,0.0,40
restormer,blur,red_gd,fixed15p0,0.8,8.0,15.0,0.05,22.16044806616856,1.8313465879046127,0.0,40
restormer,blur,red_gd,fixed15p0,0.8,8.0,15.0,0.1,20.840844614276747,0.5117431360128011,0.22499999999999998,40
restormer,blur,red_gd,fixed15p0,0.8,8.0,15.0,0.2,19.321075786492635,-1.008025691771311,0.85,40
restormer,blur,red_gd,fixed15p0,0.8,8.0,15.0,0.5,-248.74457545337904,-269.073676931643,1.0,40
restormer,inpaint,pnp_hqs,fixed15p0,0.1,0.5,0.0,0.15,27.615006651788036,18.2395936419559,0.0,40
restormer,inpaint,pnp_hqs,fixed15p0,0.2,0.5,0.0,0.15,27.489804671978483,18.114391662146343,0.0,40
restormer,inpaint,pnp_hqs,fixed15p0,0.4,0.5,0.0,0.15,27.245212193479357,17.86979918364722,0.0,40
restormer,inpaint,pnp_hqs,fixed15p0,0.8,0.5,0.0,0.15,26.411184751122004,17.035771741289864,0.0,40
restormer,inpaint,pnp_hqs,fixed15p0,1.6,0.5,0.0,0.15,25.50398566287471,16.128572653042575,0.0,40
restormer,inpaint,red_gd,fixed15p0,0.8,1.0,15.0,0.02,24.630500639522744,15.255087629690607,0.0,40
restormer,inpaint,red_gd,fixed15p0,0.8,1.0,15.0,0.05,25.314980597120368,15.939567587288229,0.0,40
restormer,inpaint,red_gd,fixed15p0,0.8,1.0,15.0,0.1,25.37748669263597,16.002073682803832,0.0,40
restormer,inpaint,red_gd,fixed15p0,0.8,1.0,15.0,0.2,24.382825874204062,15.007412864371924,0.0,40
restormer,inpaint,red_gd,fixed15p0,0.8,1.0,15.0,0.5,21.792626650646607,12.41721364081447,0.0,40
restormer,inpaint,red_gd,fixed15p0,0.8,2.0,15.0,0.02,25.128392118502926,15.75297910867079,0.0,40
restormer,inpaint,red_gd,fixed15p0,0.8,2.0,15.0,0.05,25.406347108241707,16.030934098409567,0.0,40
restormer,inpaint,red_gd,fixed15p0,0.8,2.0,15.0,0.1,24.287639760583488,14.91222675075135,0.0,40
restormer,inpaint,red_gd,fixed15p0,0.8,2.0,15.0,0.2,22.44152666271961,13.066113652887472,0.0,40
restormer,inpaint,red_gd,fixed15p0,0.8,2.0,15.0,0.5,19.30344603425347,9.928033024421328,0.0,40
restormer,inpaint,red_gd,fixed15p0,0.8,4.0,15.0,0.02,25.473218520291624,16.097805510459487,0.0,40
restormer,inpaint,red_gd,fixed15p0,0.8,4.0,15.0,0.05,24.44479976813853,15.069386758306393,0.0,40
restormer,inpaint,red_gd,fixed15p0,0.8,4.0,15.0,0.1,22.675502243404246,13.300089233572109,0.0,40
restormer,inpaint,red_gd,fixed15p0,0.8,4.0,15.0,0.2,20.60922776583207,11.233814755999932,0.0,40
restormer,inpaint,red_gd,fixed15p0,0.8,4.0,15.0,0.5,16.8074680397825,7.43205502995036,0.0,40
restormer,inpaint,red_gd,fixed15p0,0.8,8.0,15.0,0.02,25.0221804698072,15.646767459975061,0.0,40
restormer,inpaint,red_gd,fixed15p0,0.8,8.0,15.0,0.05,22.84662327245691,13.471210262624771,0.0,40
restormer,inpaint,red_gd,fixed15p0,0.8,8.0,15.0,0.1,20.682874726470292,11.307461716638153,0.0,40
restormer,inpaint,red_gd,fixed15p0,0.8,8.0,15.0,0.2,18.666803331175473,9.291390321343334,0.0,40
restormer,inpaint,red_gd,fixed15p0,0.8,8.0,15.0,0.5,-297.8861567858566,-307.26156979568873,1.0,40
wavelet,blur,pnp_hqs,fixed10p0,0.1,0.5,0.0,0.15,17.131157131692408,-3.1979443465715387,1.0,40
wavelet,blur,pnp_hqs,fixed10p0,0.2,0.5,0.0,0.15,19.870662874272618,-0.45843860399132924,1.0,40
wavelet,blur,pnp_hqs,fixed10p0,0.4,0.5,0.0,0.15,22.012095435982197,1.6829939577182504,0.0,40
wavelet,blur,pnp_hqs,fixed10p0,0.8,0.5,0.0,0.15,21.627691616834205,1.298590138570259,0.0,40
wavelet,blur,pnp_hqs,fixed10p0,1.6,0.5,0.0,0.15,21.63610498755705,1.3070035092931056,0.0,40
wavelet,blur,pnp_hqs,fixed15p0,0.1,0.5,0.0,0.15,18.55691541065636,-1.772186067607588,1.0,40
wavelet,blur,pnp_hqs,fixed15p0,0.2,0.5,0.0,0.15,21.578709746025744,1.2496082677617966,0.0,40
wavelet,blur,pnp_hqs,fixed15p0,0.4,0.5,0.0,0.15,21.523380458149205,1.1942789798852609,0.0,40
wavelet,blur,pnp_hqs,fixed15p0,0.8,0.5,0.0,0.15,21.48948406222503,1.1603825839610846,0.0,40
wavelet,blur,pnp_hqs,fixed15p0,1.6,0.5,0.0,0.15,21.505834838166052,1.176733359902106,0.0,40
wavelet,blur,pnp_hqs,fixed20p0,0.1,0.5,0.0,0.15,21.48803353829114,1.1589320600271968,0.0,40
wavelet,blur,pnp_hqs,fixed20p0,0.2,0.5,0.0,0.15,21.566055202130578,1.236953723866634,0.0,40
wavelet,blur,pnp_hqs,fixed20p0,0.4,0.5,0.0,0.15,21.462380846383965,1.1332793681200202,0.0,40
wavelet,blur,pnp_hqs,fixed20p0,0.8,0.5,0.0,0.15,21.47208816465278,1.1429866863888374,0.0,40
wavelet,blur,pnp_hqs,fixed20p0,1.6,0.5,0.0,0.15,21.28315600507111,0.9540545268071637,0.0,40
wavelet,blur,pnp_hqs,fixed25p0,0.1,0.5,0.0,0.15,21.61447849230787,1.2853770140439256,0.0,40
wavelet,blur,pnp_hqs,fixed25p0,0.2,0.5,0.0,0.15,21.490629762226334,1.1615282839623866,0.0,40
wavelet,blur,pnp_hqs,fixed25p0,0.4,0.5,0.0,0.15,21.479718404260566,1.1506169259966215,0.0,40
wavelet,blur,pnp_hqs,fixed25p0,0.8,0.5,0.0,0.15,21.243210495333866,0.914109017069919,0.0,40
wavelet,blur,pnp_hqs,fixed25p0,1.6,0.5,0.0,0.15,20.633649284144145,0.3045478058801976,0.19999999999999996,40
wavelet,blur,pnp_hqs,fixed30p0,0.1,0.5,0.0,0.15,21.530428184095634,1.2013267058316892,0.0,40
wavelet,blur,pnp_hqs,fixed30p0,0.2,0.5,0.0,0.15,21.490527048024383,1.1614255697604385,0.0,40
wavelet,blur,pnp_hqs,fixed30p0,0.4,0.5,0.0,0.15,21.249145036673045,0.9200435584090977,0.0,40
wavelet,blur,pnp_hqs,fixed30p0,0.8,0.5,0.0,0.15,20.686505718556468,0.3574042402925211,0.17500000000000004,40
wavelet,blur,pnp_hqs,fixed30p0,1.6,0.5,0.0,0.15,20.15217261696491,-0.17692886129903504,0.65,40
wavelet,blur,pnp_hqs,linear25p0_to_10p0,0.1,0.5,0.0,0.15,20.984403678751434,0.6553022004874893,0.0,40
wavelet,blur,pnp_hqs,linear25p0_to_10p0,0.2,0.5,0.0,0.15,21.442864290816686,1.1137628125527395,0.0,40
wavelet,blur,pnp_hqs,linear25p0_to_10p0,0.4,0.5,0.0,0.15,21.516020703088667,1.1869192248247205,0.0,40
wavelet,blur,pnp_hqs,linear25p0_to_10p0,0.8,0.5,0.0,0.15,21.40559031116759,1.0764888329036417,0.0,40
wavelet,blur,pnp_hqs,linear25p0_to_10p0,1.6,0.5,0.0,0.15,21.165472880038344,0.8363714017743963,0.07499999999999996,40
wavelet,blur,red_gd,fixed10p0,0.8,1.0,15.0,0.02,22.416307124418232,2.0872056461542887,0.0,40
wavelet,blur,red_gd,fixed10p0,0.8,1.0,15.0,0.05,21.774921546828388,1.44582006856444,0.0,40
wavelet,blur,red_gd,fixed10p0,0.8,1.0,15.0,0.1,21.42957447598755,1.1004729977236036,0.0,40
wavelet,blur,red_gd,fixed10p0,0.8,1.0,15.0,0.2,21.221101503546556,0.892000025282611,0.0,40
wavelet,blur,red_gd,fixed10p0,0.8,1.0,15.0,0.5,20.553535608925237,0.22443413066129114,0.4,40
wavelet,blur,red_gd,fixed10p0,0.8,2.0,15.0,0.02,22.09339996262704,1.7642984843630913,0.0,40
wavelet,blur,red_gd,fixed10p0,0.8,2.0,15.0,0.05,21.54864391523339,1.2195424369694456,0.0,40
wavelet,blur,red_gd,fixed10p0,0.8,2.0,15.0,0.1,21.342751578951894,1.0136501006879484,0.0,40
wavelet,blur,red_gd,fixed10p0,0.8,2.0,15.0,0.2,20.94938310540389,0.6202816271399418,0.025000000000000022,40
wavelet,blur,red_gd,fixed10p0,0.8,2.0,15.0,0.5,20.003017550126785,-0.32608392813716025,0.8,40
wavelet,blur,red_gd,fixed10p0,0.8,4.0,15.0,0.02,21.836585814041293,1.5074843357773484,0.0,40
wavelet,blur,red_gd,fixed10p0,0.8,4.0,15.0,0.05,21.532325974188844,1.203224495924896,0.0,40
wavelet,blur,red_gd,fixed10p0,0.8,4.0,15.0,0.1,21.192316187143398,0.8632147088794501,0.0,40
wavelet,blur,red_gd,fixed10p0,0.8,4.0,15.0,0.2,20.43752196965885,0.10842049139490409,0.44999999999999996,40
wavelet,blur,red_gd,fixed10p0,0.8,4.0,15.0,0.5,19.741015465031246,-0.5880860132326967,0.8,40
wavelet,blur,red_gd,fixed10p0,0.8,8.0,15.0,0.02,21.819270663139665,1.4901691848757206,0.0,40
wavelet,blur,red_gd,fixed10p0,0.8,8.0,15.0,0.05,21.499728615735712,1.1706271374717683,0.0,40
wavelet,blur,red_gd,fixed10p0,0.8,8.0,15.0,0.1,20.862074479755414,0.532973001491466,0.09999999999999998,40
wavelet,blur,red_gd,fixed10p0,0.8,8.0,15.0,0.2,20.085394801154216,-0.24370667710973012,0.725,40
wavelet,blur,red_gd,fixed10p0,0.8,8.0,15.0,0.5,17.28185986446996,-3.047241613793984,1.0,40
wavelet,blur,red_gd,fixed15p0,0.8,1.0,15.0,0.02,22.240673272877928,1.9115717946139814,0.0,40
wavelet,blur,red_gd,fixed15p0,0.8,1.0,15.0,0.05,21.613828633810435,1.2847271555464896,0.0,40
wavelet,blur,red_gd,fixed15p0,0.8,1.0,15.0,0.1,21.18244469119959,0.8533432129356442,0.0,40
wavelet,blur,red_gd,fixed15p0,0.8,1.0,15.0,0.2,20.528551145933765,0.19944966766981836,0.4,40
wavelet,blur,red_gd,fixed15p0,0.8,1.0,15.0,0.5,19.772300579368256,-0.5568008988956923,0.9,40
wavelet,blur,red_gd,fixed15p0,0.8,2.0,15.0,0.02,21.916302811859374,1.5872013335954303,0.0,40
wavelet,blur,red_gd,fixed15p0,0.8,2.0,15.0,0.05,21.331291975216896,1.0021904969529511,0.0,40
wavelet,blur,red_gd,fixed15p0,0.8,2.0,15.0,0.1,20.69600312907386,0.36690165080991133,0.17500000000000004,40
wavelet,blur,red_gd,fixed15p0,0.8,2.0,15.0,0.2,20.043578960359348,-0.2855225179045989,0.775,40
wavelet,blur,red_gd,fixed15p0,0.8,2.0,15.0,0.5,19.30893535500032,-1.0201661232636279,1.0,40
wavelet,blur,red_gd,fixed15p0,0.8,4.0,15.0,0.02,21.695686892876147,1.3665854146122032,0.0,40
wavelet,blur,red_gd,fixed15p0,0.8,4.0,15.0,0.05,21.01208827967803,0.682986801414081,0.07499999999999996,40
wavelet,blur,red_gd,fixed15p0,0.8,4.0,15.0,0.1,20.26769859996168,-0.06140287830226594,0.525,40
wavelet,blur,red_gd,fixed15p0,0.8,4.0,15.0,0.2,19.655852079931286,-0.6732493983326624,0.975,40
wavelet,blur,red_gd,fixed15p0,0.8,4.0,15.0,0.5,19.723790350973,-0.6053111272909455,0.95,40
wavelet,blur,red_gd,fixed15p0,0.8,8.0,15.0,0.02,21.61218263067473,1.283081152410784,0.0,40
wavelet,blur,red_gd,fixed15p0,0.8,8.0,15.0,0.05,20.631770518064513,0.30266903980056775,0.32499999999999996,40
wavelet,blur,red_gd,fixed15p0,0.8,8.0,15.0,0.1,19.987929122441784,-0.341172355822161,0.775,40
wavelet,blur,red_gd,fixed15p0,0.8,8.0,15.0,0.2,19.38390104265085,-0.9452004356130939,1.0,40
wavelet,blur,red_gd,fixed15p0,0.8,8.0,15.0,0.5,15.149855920769644,-5.179245557494303,1.0,40
wavelet,blur,red_gd,fixed20p0,0.8,1.0,15.0,0.02,22.184325329504034,1.8552238512400883,0.0,40
wavelet,blur,red_gd,fixed20p0,0.8,1.0,15.0,0.05,21.377563660201847,1.0484621819379005,0.0,40
wavelet,blur,red_gd,fixed20p0,0.8,1.0,15.0,0.1,20.574909450248594,0.2458079719846502,0.375,40
wavelet,blur,red_gd,fixed20p0,0.8,1.0,15.0,0.2,19.973354873611246,-0.355746604652701,0.8,40
wavelet,blur,red_gd,fixed20p0,0.8,1.0,15.0,0.5,19.293895557050156,-1.0352059212137905,1.0,40
wavelet,blur,red_gd,fixed20p0,0.8,2.0,15.0,0.02,21.780152882362408,1.4510514040984606,0.0,40
wavelet,blur,red_gd,fixed20p0,0.8,2.0,15.0,0.05,20.74856195126471,0.41946047300076145,0.22499999999999998,40
wavelet,blur,red_gd,fixed20p0,0.8,2.0,15.0,0.1,20.100728001939196,-0.22837347632475175,0.7,40
wavelet,blur,red_gd,fixed20p0,0.8,2.0,15.0,0.2,19.501424652203706,-0.8276768260602377,0.975,40
wavelet,blur,red_gd,fixed20p0,0.8,2.0,15.0,0.5,18.85008959753956,-1.479011880724384,1.0,40
wavelet,blur,red_gd,fixed20p0,0.8,4.0,15.0,0.02,21.33422092302493,1.005119444760984,0.0,40
wavelet,blur,red_gd,fixed20p0,0.8,4.0,15.0,0.05,20.331794253732284,0.002692775468338654,0.55,40
wavelet,blur,red_gd,fixed20p0,0.8,4.0,15.0,0.1,19.70543128455528,-0.6236701937086643,0.95,40
wavelet,blur,red_gd,fixed20p0,0.8,4.0,15.0,0.2,19.256151242476783,-1.072950235787165,1.0,40
wavelet,blur,red_gd,fixed20p0,0.8,4.0,15.0,0.5,18.9777240546343,-1.3513774236296443,1.0,40
wavelet,blur,red_gd,fixed20p0,0.8,8.0,15.0,0.02,20.967697431912487,0.6385959536485402,0.050000000000000044,40
wavelet,blur,red_gd,fixed20p0,0.8,8.0,15.0,0.05,20.062857851685518,-0.266243626578426,0.75,40
wavelet,blur,red_gd,fixed20p0,0.8,8.0,15.0,0.1,19.483730112097863,-0.8453713661660824,1.0,40
wavelet,blur,red_gd,fixed20p0,0.8,8.0,15.0,0.2,18.873339589438835,-1.455761888825108,1.0,40
wavelet,blur,red_gd,fixed20p0,0.8,8.0,15.0,0.5,13.812807412660593,-6.516294065603352,1.0,40
wavelet,blur,red_gd,fixed25p0,0.8,1.0,15.0,0.02,22.03778617604358,1.7086846977796326,0.0,40
wavelet,blur,red_gd,fixed25p0,0.8,1.0,15.0,0.05,20.936599324635964,0.607497846372018,0.050000000000000044,40
wavelet,blur,red_gd,fixed25p0,0.8,1.0,15.0,0.1,20.150605193915403,-0.17849628434854187,0.65,40
wavelet,blur,red_gd,fixed25p0,0.8,1.0,15.0,0.2,19.52732891367713,-0.8017725645868164,0.975,40
wavelet,blur,red_gd,fixed25p0,0.8,1.0,15.0,0.5,18.972286200689815,-1.3568152775741327,1.0,40
wavelet,blur,red_gd,fixed25p0,0.8,2.0,15.0,0.02,21.420141666752773,1.0910401884888246,0.0,40
wavelet,blur,red_gd,fixed25p0,0.8,2.0,15.0,0.05,20.31079039647215,-0.01831108179179583,0.55,40
wavelet,blur,red_gd,fixed25p0,0.8,2.0,15.0,0.1,19.652626092313348,-0.6764753859505984,0.95,40
wavelet,blur,red_gd,fixed25p0,0.8,2.0,15.0,0.2,19.268119459236164,-1.0609820190277837,1.0,40
wavelet,blur,red_gd,fixed25p0,0.8,2.0,15.0,0.5,18.305555485661973,-2.023545992601974,1.0,40
wavelet,blur,red_gd,fixed25p0,0.8,4.0,15.0,0.02,20.838331761646,0.5092302833820541,0.22499999999999998,40
wavelet,blur,red_gd,fixed25p0,0.8,4.0,15.0,0.05,19.89266201746138,-0.43643946080256824,0.775,40
wavelet,blur,red_gd,fixed25p0,0.8,4.0,15.0,0.1,19.437374525795654,-0.8917269524682903,1.0,40
wavelet,blur,red_gd,fixed25p0,0.8,4.0,15.0,0.2,18.793241454690094,-1.5358600235738522,1.0,40
wavelet,blur,red_gd,fixed25p0,0.8,4.0,15.0,0.5,18.149117725294296,-2.1799837529696475,1.0,40
wavelet,blur,red_gd,fixed25p0,0.8,8.0,15.0,0.02,20.527864279369936,0.19876280110598907,0.44999999999999996,40
wavelet,blur,red_gd,fixed25p0,0.8,8.0,15.0,0.05,19.663645491899832,-0.6654559863641136,0.9,40
wavelet,blur,red_gd,fixed25p0,0.8,8.0,15.0,0.1,19.178200293850637,-1.1509011844133092,1.0,40
wavelet,blur,red_gd,fixed25p0,0.8,8.0,15.0,0.2,18.34129853219121,-1.987802946072733,1.0,40
wavelet,blur,red_gd,fixed25p0,0.8,8.0,15.0,0.5,12.001007587475046,-8.3280938907889,1.0,40
wavelet,inpaint,pnp_hqs,fixed10p0,0.1,0.5,0.0,0.15,23.395358170978465,14.019945161146328,0.0,40
wavelet,inpaint,pnp_hqs,fixed10p0,0.2,0.5,0.0,0.15,23.300141444686812,13.924728434854675,0.0,40
wavelet,inpaint,pnp_hqs,fixed10p0,0.4,0.5,0.0,0.15,23.264019760003986,13.888606750171851,0.0,40
wavelet,inpaint,pnp_hqs,fixed10p0,0.8,0.5,0.0,0.15,23.30083580829971,13.92542279846757,0.0,40
wavelet,inpaint,pnp_hqs,fixed10p0,1.6,0.5,0.0,0.15,23.00500706658034,13.629594056748203,0.0,40
wavelet,inpaint,pnp_hqs,fixed15p0,0.1,0.5,0.0,0.15,22.961687541356532,13.586274531524396,0.0,40
wavelet,inpaint,pnp_hqs,fixed15p0,0.2,0.5,0.0,0.15,22.8366357557309,13.46122274589876,0.0,40
wavelet,inpaint,pnp_hqs,fixed15p0,0.4,0.5,0.0,0.15,22.453254752618086,13.07784174278595,0.0,40
wavelet,inpaint,pnp_hqs,fixed15p0,0.8,0.5,0.0,0.15,21.947295033276614,12.571882023444477,0.0,40
wavelet,inpaint,pnp_hqs,fixed15p0,1.6,0.5,0.0,0.15,21.525752767329372,12.150339757497237,0.0,40
wavelet,inpaint,pnp_hqs,fixed20p0,0.1,0.5,0.0,0.15,21.688724811950344,12.313311802118209,0.0,40
wavelet,inpaint,pnp_hqs,fixed20p0,0.2,0.5,0.0,0.15,21.592682105065773,12.217269095233636,0.0,40
wavelet,inpaint,pnp_hqs,fixed20p0,0.4,0.5,0.0,0.15,21.510437117991764,12.135024108159625,0.0,40
wavelet,inpaint,pnp_hqs,fixed20p0,0.8,0.5,0.0,0.15,21.396695580592645,12.021282570760507,0.0,40
wavelet,inpaint,pnp_hqs,fixed20p0,1.6,0.5,0.0,0.15,21.05009738800126,11.674684378169122,0.0,40
wavelet,inpaint,pnp_hqs,fixed25p0,0.1,0.5,0.0,0.15,21.408783644670013,12.033370634837874,0.0,40
wavelet,inpaint,pnp_hqs,fixed25p0,0.2,0.5,0.0,0.15,21.3574454030059,11.982032393173764,0.0,40
wavelet,inpaint,pnp_hqs,fixed25p0,0.4,0.5,0.0,0.15,21.14250246847487,11.767089458642733,0.0,40
wavelet,inpaint,pnp_hqs,fixed25p0,0.8,0.5,0.0,0.15,20.76483360781051,11.38942059797837,0.0,40
wavelet,inpaint,pnp_hqs,fixed25p0,1.6,0.5,0.0,0.15,20.317171600021226,10.941758590189085,0.0,40
wavelet,inpaint,pnp_hqs,fixed30p0,0.1,0.5,0.0,0.15,20.886045696435502,11.510632686603364,0.0,40
wavelet,inpaint,pnp_hqs,fixed30p0,0.2,0.5,0.0,0.15,20.73720335993431,11.361790350102172,0.0,40
wavelet,inpaint,pnp_hqs,fixed30p0,0.4,0.5,0.0,0.15,20.533884828225077,11.158471818392936,0.0,40
wavelet,inpaint,pnp_hqs,fixed30p0,0.8,0.5,0.0,0.15,20.19988763217271,10.824474622340576,0.0,40
wavelet,inpaint,pnp_hqs,fixed30p0,1.6,0.5,0.0,0.15,19.80928020301102,10.43386719317888,0.0,40
wavelet,inpaint,pnp_hqs,linear25p0_to_10p0,0.1,0.5,0.0,0.15,23.654500599953888,14.279087590121753,0.0,40
wavelet,inpaint,pnp_hqs,linear25p0_to_10p0,0.2,0.5,0.0,0.15,23.27079067514098,13.895377665308843,0.0,40
wavelet,inpaint,pnp_hqs,linear25p0_to_10p0,0.4,0.5,0.0,0.15,22.556142071723023,13.180729061890883,0.0,40
wavelet,inpaint,pnp_hqs,linear25p0_to_10p0,0.8,0.5,0.0,0.15,21.575450988492275,12.200037978660138,0.0,40
wavelet,inpaint,pnp_hqs,linear25p0_to_10p0,1.6,0.5,0.0,0.15,21.291214029738676,11.915801019906537,0.0,40
wavelet,inpaint,red_gd,fixed10p0,0.8,1.0,15.0,0.02,24.580313738561024,15.204900728728887,0.0,40
wavelet,inpaint,red_gd,fixed10p0,0.8,1.0,15.0,0.05,23.90713315927735,14.531720149445212,0.0,40
wavelet,inpaint,red_gd,fixed10p0,0.8,1.0,15.0,0.1,22.90759145897048,13.532178449138343,0.0,40
wavelet,inpaint,red_gd,fixed10p0,0.8,1.0,15.0,0.2,21.850449997893673,12.475036988061536,0.0,40
wavelet,inpaint,red_gd,fixed10p0,0.8,1.0,15.0,0.5,21.19751094550938,11.82209793567724,0.0,40
wavelet,inpaint,red_gd,fixed10p0,0.8,2.0,15.0,0.02,24.280904030570017,14.905491020737879,0.0,40
wavelet,inpaint,red_gd,fixed10p0,0.8,2.0,15.0,0.05,23.098919591242026,13.723506581409888,0.0,40
wavelet,inpaint,red_gd,fixed10p0,0.8,2.0,15.0,0.1,21.998515411155466,12.623102401323328,0.0,40
wavelet,inpaint,red_gd,fixed10p0,0.8,2.0,15.0,0.2,21.434722175746135,12.059309165913996,0.0,40
wavelet,inpaint,red_gd,fixed10p0,0.8,2.0,15.0,0.5,20.44709381645621,11.07168080662407,0.0,40
wavelet,inpaint,red_gd,fixed10p0,0.8,4.0,15.0,0.02,23.71269360737849,14.337280597546357,0.0,40
wavelet,inpaint,red_gd,fixed10p0,0.8,4.0,15.0,0.05,22.2835590330522,12.90814602322006,0.0,40
wavelet,inpaint,red_gd,fixed10p0,0.8,4.0,15.0,0.1,21.577166022938833,12.201753013106693,0.0,40
wavelet,inpaint,red_gd,fixed10p0,0.8,4.0,15.0,0.2,20.946095385485982,11.570682375653842,0.0,40
wavelet,inpaint,red_gd,fixed10p0,0.8,4.0,15.0,0.5,19.10863971458263,9.733226704750491,0.0,40
wavelet,inpaint,red_gd,fixed10p0,0.8,8.0,15.0,0.02,23.178395460185264,13.802982450353124,0.0,40
wavelet,inpaint,red_gd,fixed10p0,0.8,8.0,15.0,0.05,21.82580638918381,12.45039337935167,0.0,40
wavelet,inpaint,red_gd,fixed10p0,0.8,8.0,15.0,0.1,21.23553728535418,11.860124275522042,0.0,40
wavelet,inpaint,red_gd,fixed10p0,0.8,8.0,15.0,0.2,20.253402452565616,10.877989442733481,0.0,40
wavelet,inpaint,red_gd,fixed10p0,0.8,8.0,15.0,0.5,17.20374414151795,7.828331131685815,0.0,40
wavelet,inpaint,red_gd,fixed15p0,0.8,1.0,15.0,0.02,24.215014617613445,14.83960160778131,0.0,40
wavelet,inpaint,red_gd,fixed15p0,0.8,1.0,15.0,0.05,22.77299396132255,13.397580951490411,0.0,40
wavelet,inpaint,red_gd,fixed15p0,0.8,1.0,15.0,0.1,21.790802731161556,12.41538972132942,0.0,40
wavelet,inpaint,red_gd,fixed15p0,0.8,1.0,15.0,0.2,21.277886657459575,11.902473647627438,0.0,40
wavelet,inpaint,red_gd,fixed15p0,0.8,1.0,15.0,0.5,20.157783404160156,10.782370394328018,0.0,40
wavelet,inpaint,red_gd,fixed15p0,0.8,2.0,15.0,0.02,23.355519498572598,13.98010648874046,0.0,40
wavelet,inpaint,red_gd,fixed15p0,0.8,2.0,15.0,0.05,21.945508594574353,12.570095584742212,0.0,40
wavelet,inpaint,red_gd,fixed15p0,0.8,2.0,15.0,0.1,21.39947063304796,12.024057623215825,0.0,40
wavelet,inpaint,red_gd,fixed15p0,0.8,2.0,15.0,0.2,20.527784061002507,11.15237105117037,0.0,40
wavelet,inpaint,red_gd,fixed15p0,0.8,2.0,15.0,0.5,19.484989856167367,10.109576846335226,0.0,40
wavelet,inpaint,red_gd,fixed15p0,0.8,4.0,15.0,0.02,22.477441423768756,13.102028413936617,0.0,40
wavelet,inpaint,red_gd,fixed15p0,0.8,4.0,15.0,0.05,21.616234873057987,12.24082186322585,0.0,40
wavelet,inpaint,red_gd,fixed15p0,0.8,4.0,15.0,0.1,20.715743575382046,11.340330565549909,0.0,40
wavelet,inpaint,red_gd,fixed15p0,0.8,4.0,15.0,0.2,19.869123854894706,10.493710845062571,0.0,40
wavelet,inpaint,red_gd,fixed15p0,0.8,4.0,15.0,0.5,17.660920775278775,8.285507765446635,0.0,40
wavelet,inpaint,red_gd,fixed15p0,0.8,8.0,15.0,0.02,22.159556078165206,12.78414306833307,0.0,40
wavelet,inpaint,red_gd,fixed15p0,0.8,8.0,15.0,0.05,21.077294280088932,11.701881270256795,0.0,40
wavelet,inpaint,red_gd,fixed15p0,0.8,8.0,15.0,0.1,20.11745935408715,10.742046344255009,0.0,40
wavelet,inpaint,red_gd,fixed15p0,0.8,8.0,15.0,0.2,19.297525434828348,9.92211242499621,0.0,40
wavelet,inpaint,red_gd,fixed15p0,0.8,8.0,15.0,0.5,14.741789866613185,5.3663768567810495,0.0,40
wavelet,inpaint,red_gd,fixed20p0,0.8,1.0,15.0,0.02,23.744955200277307,14.369542190445168,0.0,40
wavelet,inpaint,red_gd,fixed20p0,0.8,1.0,15.0,0.05,22.370062406899105,12.994649397066969,0.0,40
wavelet,inpaint,red_gd,fixed20p0,0.8,1.0,15.0,0.1,21.417748412757334,12.042335402925195,0.0,40
wavelet,inpaint,red_gd,fixed20p0,0.8,1.0,15.0,0.2,20.491778853894793,11.116365844062658,0.0,40
wavelet,inpaint,red_gd,fixed20p0,0.8,1.0,15.0,0.5,19.483690241945617,10.108277232113482,0.0,40
wavelet,inpaint,red_gd,fixed20p0,0.8,2.0,15.0,0.02,22.88590493124908,13.510491921416943,0.0,40
wavelet,inpaint,red_gd,fixed20p0,0.8,2.0,15.0,0.05,21.59480305781495,12.219390047982811,0.0,40
wavelet,inpaint,red_gd,fixed20p0,0.8,2.0,15.0,0.1,20.622594868207123,11.247181858374988,0.0,40
wavelet,inpaint,red_gd,fixed20p0,0.8,2.0,15.0,0.2,19.81299243520281,10.437579425370672,0.0,40
wavelet,inpaint,red_gd,fixed20p0,0.8,2.0,15.0,0.5,18.91297152011061,9.537558510278469,0.0,40
wavelet,inpaint,red_gd,fixed20p0,0.8,4.0,15.0,0.02,22.18052629148398,12.805113281651842,0.0,40
wavelet,inpaint,red_gd,fixed20p0,0.8,4.0,15.0,0.05,20.86557998678834,11.490166976956203,0.0,40
wavelet,inpaint,red_gd,fixed20p0,0.8,4.0,15.0,0.1,19.98315393568469,10.607740925852552,0.0,40
wavelet,inpaint,red_gd,fixed20p0,0.8,4.0,15.0,0.2,19.24539214027815,9.869979130446008,0.0,40
wavelet,inpaint,red_gd,fixed20p0,0.8,4.0,15.0,0.5,16.82969276623997,7.45427975640783,0.0,40
wavelet,inpaint,red_gd,fixed20p0,0.8,8.0,15.0,0.02,21.661625491962976,12.286212482130837,0.0,40
wavelet,inpaint,red_gd,fixed20p0,0.8,8.0,15.0,0.05,20.288355871022283,10.912942861190146,0.0,40
wavelet,inpaint,red_gd,fixed20p0,0.8,8.0,15.0,0.1,19.436120668324968,10.06070765849283,0.0,40
wavelet,inpaint,red_gd,fixed20p0,0.8,8.0,15.0,0.2,18.64097330772123,9.26556029788909,0.0,40
wavelet,inpaint,red_gd,fixed20p0,0.8,8.0,15.0,0.5,13.6436593462786,4.268246336446462,0.0,40
wavelet,inpaint,red_gd,fixed25p0,0.8,1.0,15.0,0.02,23.63946938479753,14.264056374965392,0.0,40
wavelet,inpaint,red_gd,fixed25p0,0.8,1.0,15.0,0.05,22.072846215904335,12.697433206072196,0.0,40
wavelet,inpaint,red_gd,fixed25p0,0.8,1.0,15.0,0.1,20.80520001529448,11.429787005462341,0.0,40
wavelet,inpaint,red_gd,fixed25p0,0.8,1.0,15.0,0.2,19.92224864181274,10.546835631980603,0.0,40
wavelet,inpaint,red_gd,fixed25p0,0.8,1.0,15.0,0.5,19.099007055953134,9.723594046120997,0.0,40
wavelet,inpaint,red_gd,fixed25p0,0.8,2.0,15.0,0.02,22.688706960614233,13.313293950782093,0.0,40
wavelet,inpaint,red_gd,fixed25p0,0.8,2.0,15.0,0.05,20.98430257799649,11.608889568164352,0.0,40
wavelet,inpaint,red_gd,fixed25p0,0.8,2.0,15.0,0.1,20.043392740639774,10.667979730807634,0.0,40
wavelet,inpaint,red_gd,fixed25p0,0.8,2.0,15.0,0.2,19.347587705256228,9.972174695424089,0.0,40
wavelet,inpaint,red_gd,fixed25p0,0.8,2.0,15.0,0.5,18.353139149127774,8.977726139295633,0.0,40
wavelet,inpaint,red_gd,fixed25p0,0.8,4.0,15.0,0.02,21.68924518830735,12.313832178475213,0.0,40
wavelet,inpaint,red_gd,fixed25p0,0.8,4.0,15.0,0.05,20.271554167500334,10.896141157668197,0.0,40
wavelet,inpaint,red_gd,fixed25p0,0.8,4.0,15.0,0.1,19.479244786292625,10.103831776460488,0.0,40
wavelet,inpaint,red_gd,fixed25p0,0.8,4.0,15.0,0.2,18.74057295684746,9.36515994701532,0.0,40
wavelet,inpaint,red_gd,fixed25p0,0.8,4.0,15.0,0.5,16.540786913601686,7.165373903769546,0.0,40
wavelet,inpaint,red_gd,fixed25p0,0.8,8.0,15.0,0.02,21.00913160206307,11.633718592230936,0.0,40
wavelet,inpaint,red_gd,fixed25p0,0.8,8.0,15.0,0.05,19.73773221439119,10.362319204559052,0.0,40
wavelet,inpaint,red_gd,fixed25p0,0.8,8.0,15.0,0.1,18.991175348855705,9.615762339023568,0.0,40
wavelet,inpaint,red_gd,fixed25p0,0.8,8.0,15.0,0.2,18.162359827660516,8.786946817828376,0.0,40
wavelet,inpaint,red_gd,fixed25p0,0.8,8.0,15.0,0.5,11.848135445959787,2.47272243612765,0.15000000000000002,40
