dataset,file,image_index,input_pose,input_angle_deg,input_height,input_width,problem,algorithm,denoiser,train_sigma,schedule,rho,step,red_input_sigma,lambda,mode,group_expand,base_group_size,num_iter,degraded_se,degraded_psnr,final_se,final_psnr,gap_psnr,beats_degraded,total_denoiser_calls,total_group_evals
val_images,test001.png,0,upright,0.0,481,321,inpaint,red_gd,restormer,15.0,fixed15p0,0.8,3.8461538461538467,1.4142135623730951,0.02,vanilla,True,0,20,0.09916350431248057,10.036481342168242,0.09524747553103464,10.21146526176967,0.17498391960142712,True,20,20
val_images,test001.png,0,upright,0.0,481,321,inpaint,red_gd,restormer,15.0,fixed15p0,0.8,3.8461538461538467,1.4142135623730951,0.02,G16_fixed,True,16,20,0.09916350431248057,10.036481342168242,0.07964995858755634,10.98814445665743,0.9516631144891878,True,20,320
val_images,test001.png,0,rot45_padded,45.0,1000,1000,inpaint,red_gd,restormer,15.0,fixed15p0,0.8,3.8461538461538467,1.4142135623730951,0.02,vanilla,False,0,20,0.026605105858338012,15.750350087332222,0.025181626559326764,15.989162208951482,0.2388121216192598,True,20,20
val_images,test001.png,0,rot45_padded,45.0,1000,1000,inpaint,red_gd,restormer,15.0,fixed15p0,0.8,3.8461538461538467,1.4142135623730951,0.02,G16_fixed,False,16,20,0.026605105858338012,15.750350087332222,0.0216244225357482,16.65055481222066,0.900204724888436,True,20,320
val_images,test002.png,1,upright,0.0,481,321,inpaint,red_gd,restormer,15.0,fixed15p0,0.8,3.8461538461538467,1.4142135623730951,0.02,vanilla,True,0,20,0.22027214722312177,6.570404146605951,0.21347337475712436,6.706562841852524,0.13615869524657231,True,20,20
val_images,test002.png,1,upright,0.0,481,321,inpaint,red_gd,restormer,15.0,fixed15p0,0.8,3.8461538461538467,1.4142135623730951,0.02,G16_fixed,True,16,20,0.22027214722312177,6.570404146605951,0.17449626072700777,7.5821387508317635,1.0117346042258122,True,20,320
val_images,test002.png,1,rot45_padded,45.0,1000,1000,inpaint,red_gd,restormer,15.0,fixed15p0,0.8,3.8461538461538467,1.4142135623730951,0.02,vanilla,False,0,20,0.05899401657628053,12.291920341151219,0.05569356575049959,12.541949757501929,0.25002941635070997,True,20,20
val_images,test002.png,1,rot45_padded,45.0,1000,1000,inpaint,red_gd,restormer,15.0,fixed15p0,0.8,3.8461538461538467,1.4142135623730951,0.02,G16_fixed,False,16,20,0.05899401657628053,12.291920341151219,0.0470652351177013,13.27299767421822,0.9810773330670006,True,20,320
val_images,test003.png,2,upright,0.0,481,321,inpaint,red_gd,restormer,15.0,fixed15p0,0.8,3.8461538461538467,1.4142135623730951,0.02,vanilla,True,0,20,0.12216364824790643,9.130580061556628,0.11702149809991516,9.317343463862823,0.1867634023061946,True,20,20
val_images,test003.png,2,upright,0.0,481,321,inpaint,red_gd,restormer,15.0,fixed15p0,0.8,3.8461538461538467,1.4142135623730951,0.02,G16_fixed,True,16,20,0.12216364824790643,9.130580061556628,0.09817128218486279,10.080155367819847,0.9495753062632186,True,20,320
val_images,test003.png,2,rot45_padded,45.0,1000,1000,inpaint,red_gd,restormer,15.0,fixed15p0,0.8,3.8461538461538467,1.4142135623730951,0.02,vanilla,False,0,20,0.0324603939961989,14.886462131192564,0.030876707431639932,15.103690172906123,0.21722804171355925,True,20,20
val_images,test003.png,2,rot45_padded,45.0,1000,1000,inpaint,red_gd,restormer,15.0,fixed15p0,0.8,3.8461538461538467,1.4142135623730951,0.02,G16_fixed,False,16,20,0.0324603939961989,14.886462131192564,0.026716830783925356,15.732150602191089,0.8456884709985246,True,20,320
val_images,test004.png,3,upright,0.0,321,481,inpaint,red_gd,restormer,15.0,fixed15p0,0.8,3.8461538461538467,1.4142135623730951,0.02,vanilla,True,0,20,0.07235630431271495,11.405236233708631,0.0667866704939573,11.753102068144162,0.347865834435531,True,20,20
val_images,test004.png,3,upright,0.0,321,481,inpaint,red_gd,restormer,15.0,fixed15p0,0.8,3.8461538461538467,1.4142135623730951,0.02,G16_fixed,True,16,20,0.07235630431271495,11.405236233708631,0.05751562945269137,12.40214122915414,0.996904995445508,True,20,320
val_images,test004.png,3,rot45_padded,45.0,1000,1000,inpaint,red_gd,restormer,15.0,fixed15p0,0.8,3.8461538461538467,1.4142135623730951,0.02,vanilla,False,0,20,0.019284805722595406,17.14784731909672,0.018484860521604703,17.33183822068205,0.18399090158533227,True,20,20
val_images,test004.png,3,rot45_padded,45.0,1000,1000,inpaint,red_gd,restormer,15.0,fixed15p0,0.8,3.8461538461538467,1.4142135623730951,0.02,G16_fixed,False,16,20,0.019284805722595406,17.14784731909672,0.016036336044894364,17.94894851591249,0.8011011968157717,True,20,320
val_images,test005.png,4,upright,0.0,321,481,inpaint,red_gd,restormer,15.0,fixed15p0,0.8,3.8461538461538467,1.4142135623730951,0.02,vanilla,True,0,20,0.2793443492917792,5.538601093269778,0.2710587761332504,5.669365269019602,0.13076417574982457,True,20,20
val_images,test005.png,4,upright,0.0,321,481,inpaint,red_gd,restormer,15.0,fixed15p0,0.8,3.8461538461538467,1.4142135623730951,0.02,G16_fixed,True,16,20,0.2793443492917792,5.538601093269778,0.2248473789434654,6.481121706578556,0.942520613308778,True,20,320
val_images,test005.png,4,rot45_padded,45.0,1000,1000,inpaint,red_gd,restormer,15.0,fixed15p0,0.8,3.8461538461538467,1.4142135623730951,0.02,vanilla,False,0,20,0.07488152912758014,11.25625295614909,0.07225957186723142,11.411046159239575,0.1547932030904846,True,20,20
val_images,test005.png,4,rot45_padded,45.0,1000,1000,inpaint,red_gd,restormer,15.0,fixed15p0,0.8,3.8461538461538467,1.4142135623730951,0.02,G16_fixed,False,16,20,0.07488152912758014,11.25625295614909,0.06087518216918293,12.155597261476988,0.8993443053278973,True,20,320
val_images,test006.png,5,upright,0.0,321,481,inpaint,red_gd,restormer,15.0,fixed15p0,0.8,3.8461538461538467,1.4142135623730951,0.02,vanilla,True,0,20,0.24827088838479025,6.0507420173041275,0.24077126585158126,6.183953439370981,0.13321142206685366,True,20,20
val_images,test006.png,5,upright,0.0,321,481,inpaint,red_gd,restormer,15.0,fixed15p0,0.8,3.8461538461538467,1.4142135623730951,0.02,G16_fixed,True,16,20,0.24827088838479025,6.0507420173041275,0.20004707709146963,6.988677897602127,0.9379358802979993,True,20,320
val_images,test006.png,5,rot45_padded,45.0,1000,1000,inpaint,red_gd,restormer,15.0,fixed15p0,0.8,3.8461538461538467,1.4142135623730951,0.02,vanilla,False,0,20,0.06612095462773697,11.796608848863496,0.0637616954727342,11.954401432326664,0.15779258346316816,True,20,20
val_images,test006.png,5,rot45_padded,45.0,1000,1000,inpaint,red_gd,restormer,15.0,fixed15p0,0.8,3.8461538461538467,1.4142135623730951,0.02,G16_fixed,False,16,20,0.06612095462773697,11.796608848863496,0.05379909337756375,12.692250430034784,0.8956415811712883,True,20,320
val_images,test007.png,6,upright,0.0,321,481,inpaint,red_gd,restormer,15.0,fixed15p0,0.8,3.8461538461538467,1.4142135623730951,0.02,vanilla,True,0,20,0.061246991144406446,12.129152418447063,0.05641799043157104,12.485823871636867,0.3566714531898043,True,20,20
val_images,test007.png,6,upright,0.0,321,481,inpaint,red_gd,restormer,15.0,fixed15p0,0.8,3.8461538461538467,1.4142135623730951,0.02,G16_fixed,True,16,20,0.061246991144406446,12.129152418447063,0.04810880029922086,13.177754730688493,1.0486023122414299,True,20,320
val_images,test007.png,6,rot45_padded,45.0,1000,1000,inpaint,red_gd,restormer,15.0,fixed15p0,0.8,3.8461538461538467,1.4142135623730951,0.02,vanilla,False,0,20,0.016429769472822705,17.843685301366605,0.01573006321057551,18.03269532179702,0.18901002043041615,True,20,20
val_images,test007.png,6,rot45_padded,45.0,1000,1000,inpaint,red_gd,restormer,15.0,fixed15p0,0.8,3.8461538461538467,1.4142135623730951,0.02,G16_fixed,False,16,20,0.016429769472822705,17.843685301366605,0.013632870737792221,18.654126831010277,0.810441529643672,True,20,320
val_images,test008.png,7,upright,0.0,321,481,inpaint,red_gd,restormer,15.0,fixed15p0,0.8,3.8461538461538467,1.4142135623730951,0.02,vanilla,True,0,20,0.0558049990365995,12.533268950272042,0.05070217045428786,12.949734490267344,0.41646553999530234,True,20,20
val_images,test008.png,7,upright,0.0,321,481,inpaint,red_gd,restormer,15.0,fixed15p0,0.8,3.8461538461538467,1.4142135623730951,0.02,G16_fixed,True,16,20,0.0558049990365995,12.533268950272042,0.04368066198162577,13.597107885087066,1.0638389348150241,True,20,320
val_images,test008.png,7,rot45_padded,45.0,1000,1000,inpaint,red_gd,restormer,15.0,fixed15p0,0.8,3.8461538461538467,1.4142135623730951,0.02,vanilla,False,0,20,0.015051919349752124,18.22408117355326,0.014196967100651877,18.478044240771382,0.25396306721812323,True,20,20
val_images,test008.png,7,rot45_padded,45.0,1000,1000,inpaint,red_gd,restormer,15.0,fixed15p0,0.8,3.8461538461538467,1.4142135623730951,0.02,G16_fixed,False,16,20,0.015051919349752124,18.22408117355326,0.012375552977544736,19.074353863555423,0.8502726900021642,True,20,320
val_images,test009.png,8,upright,0.0,321,481,inpaint,red_gd,restormer,15.0,fixed15p0,0.8,3.8461538461538467,1.4142135623730951,0.02,vanilla,True,0,20,0.05005420266262848,13.005594523192666,0.04683973582283308,13.293855630234443,0.28826110704177665,True,20,20
val_images,test009.png,8,upright,0.0,321,481,inpaint,red_gd,restormer,15.0,fixed15p0,0.8,3.8461538461538467,1.4142135623730951,0.02,G16_fixed,True,16,20,0.05005420266262848,13.005594523192666,0.03856265693207136,14.138330512426132,1.1327359892334652,True,20,320
val_images,test009.png,8,rot45_padded,45.0,1000,1000,inpaint,red_gd,restormer,15.0,fixed15p0,0.8,3.8461538461538467,1.4142135623730951,0.02,vanilla,False,0,20,0.01322255949300498,18.78684470259014,0.012163702818299604,19.149341990137025,0.3624972875468835,True,20,20
val_images,test009.png,8,rot45_padded,45.0,1000,1000,inpaint,red_gd,restormer,15.0,fixed15p0,0.8,3.8461538461538467,1.4142135623730951,0.02,G16_fixed,False,16,20,0.01322255949300498,18.78684470259014,0.010490232927534293,19.792148685252467,1.0053039826623262,True,20,320
val_images,test010.png,9,upright,0.0,321,481,inpaint,red_gd,restormer,15.0,fixed15p0,0.8,3.8461538461538467,1.4142135623730951,0.02,vanilla,True,0,20,0.08400208456794321,10.757099364961924,0.07780512725387141,11.089917826415125,0.3328184614532006,True,20,20
val_images,test010.png,9,upright,0.0,321,481,inpaint,red_gd,restormer,15.0,fixed15p0,0.8,3.8461538461538467,1.4142135623730951,0.02,G16_fixed,True,16,20,0.08400208456794321,10.757099364961924,0.06729723733776012,11.720027639126185,0.9629282741642609,True,20,320
val_images,test010.png,9,rot45_padded,45.0,1000,1000,inpaint,red_gd,restormer,15.0,fixed15p0,0.8,3.8461538461538467,1.4142135623730951,0.02,vanilla,False,0,20,0.022410097581789884,16.495562523832515,0.021499992679160033,16.675616879635083,0.180054355802568,True,20,20
val_images,test010.png,9,rot45_padded,45.0,1000,1000,inpaint,red_gd,restormer,15.0,fixed15p0,0.8,3.8461538461538467,1.4142135623730951,0.02,G16_fixed,False,16,20,0.022410097581789884,16.495562523832515,0.018706112849949684,17.280164499776255,0.7846019759437404,True,20,320
