dataset,file,image_index,input_pose,input_angle_deg,input_height,input_width,problem,algorithm,denoiser,denoiser_sigma,mode,sampling,group_expand,base_group_size,sample_size,num_iter,final_se,final_psnr,degraded_se,degraded_psnr,total_denoiser_calls,total_group_evals
val_images,test001.png,0,upright,0.0,481,321,blur,pnp_hqs,restormer,15.0,vanilla,none,False,0,0,20,0.00573468644406871,22.414903230693398,0.007973642743086592,20.98343226684898,20,0
val_images,test001.png,0,upright,0.0,481,321,blur,red_gd,restormer,15.0,vanilla,none,False,0,0,20,0.005106487103191471,22.918777605975244,0.007973642743086592,20.98343226684898,20,0
val_images,test001.png,0,upright,0.0,481,321,inpaint,pnp_hqs,restormer,15.0,vanilla,none,False,0,0,20,0.08894823879718508,10.50862646660848,0.09884102590726851,10.050627555448123,20,0
val_images,test001.png,0,upright,0.0,481,321,inpaint,red_gd,restormer,15.0,vanilla,none,False,0,0,20,0.095218044308481,10.21280742781245,0.09884102590726851,10.050627555448123,20,0
val_images,test001.png,0,rot45_padded,45.0,1000,1000,blur,pnp_hqs,restormer,15.0,vanilla,none,False,0,0,20,0.0018271833275446117,27.382178762124912,0.0024605183134930176,26.089733981895982,20,0
val_images,test001.png,0,rot45_padded,45.0,1000,1000,blur,red_gd,restormer,15.0,vanilla,none,False,0,0,20,0.0014582945689673938,28.361547416177707,0.0024605183134930176,26.089733981895982,20,0
val_images,test001.png,0,rot45_padded,45.0,1000,1000,inpaint,pnp_hqs,restormer,15.0,vanilla,none,False,0,0,20,0.019955941275394566,16.999277827349413,0.026530904016928845,15.762479515678118,20,0
val_images,test001.png,0,rot45_padded,45.0,1000,1000,inpaint,red_gd,restormer,15.0,vanilla,none,False,0,0,20,0.025485211237441345,15.937117623548513,0.026530904016928845,15.762479515678118,20,0
val_images,test002.png,1,upright,0.0,481,321,blur,pnp_hqs,restormer,15.0,vanilla,none,False,0,0,20,0.002265251041076344,26.448836613276598,0.003913134243821851,24.074752529551834,20,0
val_images,test002.png,1,upright,0.0,481,321,blur,red_gd,restormer,15.0,vanilla,none,False,0,0,20,0.0019147677248623704,27.178839015537342,0.003913134243821851,24.074752529551834,20,0
val_images,test002.png,1,upright,0.0,481,321,inpaint,pnp_hqs,restormer,15.0,vanilla,none,False,0,0,20,0.1942772805011334,7.115779844228925,0.21974624554727978,6.580785362861726,20,0
val_images,test002.png,1,upright,0.0,481,321,inpaint,red_gd,restormer,15.0,vanilla,none,False,0,0,20,0.2133520634310233,6.7090315251231525,0.21974624554727978,6.580785362861726,20,0
val_images,test002.png,1,rot45_padded,45.0,1000,1000,blur,pnp_hqs,restormer,15.0,vanilla,none,False,0,0,20,0.0013887575945439117,28.573735530667413,0.0012828130654888412,28.918366254189863,20,0
val_images,test002.png,1,rot45_padded,45.0,1000,1000,blur,red_gd,restormer,15.0,vanilla,none,False,0,0,20,0.0006017049973486173,32.206163815415564,0.0012828130654888412,28.918366254189863,20,0
val_images,test002.png,1,rot45_padded,45.0,1000,1000,inpaint,pnp_hqs,restormer,15.0,vanilla,none,False,0,0,20,0.04942002137463191,13.060970710973816,0.05886294367635003,12.301580230650098,20,0
val_images,test002.png,1,rot45_padded,45.0,1000,1000,inpaint,red_gd,restormer,15.0,vanilla,none,False,0,0,20,0.05660515881269184,12.471439868013274,0.05886294367635003,12.301580230650098,20,0
val_images,test003.png,2,upright,0.0,481,321,blur,pnp_hqs,restormer,15.0,vanilla,none,False,0,0,20,0.004285463634338306,23.680021858895923,0.0048111472546526575,23.177513504546617,20,0
val_images,test003.png,2,upright,0.0,481,321,blur,red_gd,restormer,15.0,vanilla,none,False,0,0,20,0.0029633675009720023,25.282144863035363,0.0048111472546526575,23.177513504546617,20,0
val_images,test003.png,2,upright,0.0,481,321,inpaint,pnp_hqs,restormer,15.0,vanilla,none,False,0,0,20,0.11150539777511156,9.527041086947015,0.12177517622538067,9.144412332720616,20,0
val_images,test003.png,2,upright,0.0,481,321,inpaint,red_gd,restormer,15.0,vanilla,none,False,0,0,20,0.11687543211345781,9.322767704369157,0.12177517622538067,9.144412332720616,20,0
val_images,test003.png,2,rot45_padded,45.0,1000,1000,blur,pnp_hqs,restormer,15.0,vanilla,none,False,0,0,20,0.001246953060911082,29.041498943730865,0.0013992053750759592,28.541185351750737,20,0
val_images,test003.png,2,rot45_padded,45.0,1000,1000,blur,red_gd,restormer,15.0,vanilla,none,False,0,0,20,0.0008268393548199089,30.825788605711587,0.0013992053750759592,28.541185351750737,20,0
val_images,test003.png,2,rot45_padded,45.0,1000,1000,inpaint,pnp_hqs,restormer,15.0,vanilla,none,False,0,0,20,0.026165410614110162,15.822724454821993,0.03236836176869063,14.898792806042868,20,0
val_images,test003.png,2,rot45_padded,45.0,1000,1000,inpaint,red_gd,restormer,15.0,vanilla,none,False,0,0,20,0.03126639444599888,15.049221975063293,0.03236836176869063,14.898792806042868,20,0
val_images,test004.png,3,upright,0.0,321,481,blur,pnp_hqs,restormer,15.0,vanilla,none,False,0,0,20,0.002689312727656496,25.70358692756784,0.0020548755597994428,26.872144732179844,20,0
val_images,test004.png,3,upright,0.0,321,481,blur,red_gd,restormer,15.0,vanilla,none,False,0,0,20,0.0011246342531480529,29.489886932553503,0.0020548755597994428,26.872144732179844,20,0
val_images,test004.png,3,upright,0.0,321,481,inpaint,pnp_hqs,restormer,15.0,vanilla,none,False,0,0,20,0.06288150836741666,12.014770492239144,0.07205424865690636,11.423404060526432,20,0
val_images,test004.png,3,upright,0.0,321,481,inpaint,red_gd,restormer,15.0,vanilla,none,False,0,0,20,0.06669893855933576,11.758810773501873,0.07205424865690636,11.423404060526432,20,0
val_images,test004.png,3,rot45_padded,45.0,1000,1000,blur,pnp_hqs,restormer,15.0,vanilla,none,False,0,0,20,0.00044911461188294397,33.476428149953996,0.0006584982573051448,31.81445370047316,20,0
val_images,test004.png,3,rot45_padded,45.0,1000,1000,blur,red_gd,restormer,15.0,vanilla,none,False,0,0,20,0.0003404840078013599,34.679032816564174,0.0006584982573051448,31.81445370047316,20,0
val_images,test004.png,3,rot45_padded,45.0,1000,1000,inpaint,pnp_hqs,restormer,15.0,vanilla,none,False,0,0,20,0.01568971038282314,18.04385073003417,0.019215491418954858,17.163485043658383,20,0
val_images,test004.png,3,rot45_padded,45.0,1000,1000,inpaint,red_gd,restormer,15.0,vanilla,none,False,0,0,20,0.01859200616135566,17.3067374536537,0.019215491418954858,17.163485043658383,20,0
val_images,test005.png,4,upright,0.0,321,481,blur,pnp_hqs,restormer,15.0,vanilla,none,False,0,0,20,0.0040203944902397004,23.957313308636405,0.004956221426244608,23.048492991385864,20,0
val_images,test005.png,4,upright,0.0,321,481,blur,red_gd,restormer,15.0,vanilla,none,False,0,0,20,0.0028117524506753116,25.510229176629473,0.004956221426244608,23.048492991385864,20,0
val_images,test005.png,4,upright,0.0,321,481,inpaint,pnp_hqs,restormer,15.0,vanilla,none,False,0,0,20,0.24729197936703778,6.0678996925586794,0.27871641861127844,5.5483744713795975,20,0
val_images,test005.png,4,upright,0.0,321,481,inpaint,red_gd,restormer,15.0,vanilla,none,False,0,0,20,0.27095861587684017,5.670970348406401,0.27871641861127844,5.5483744713795975,20,0
val_images,test005.png,4,rot45_padded,45.0,1000,1000,blur,pnp_hqs,restormer,15.0,vanilla,none,False,0,0,20,0.0011759836611431238,29.29598712209435,0.0017297107084689452,27.620265259009,20,0
val_images,test005.png,4,rot45_padded,45.0,1000,1000,blur,red_gd,restormer,15.0,vanilla,none,False,0,0,20,0.0009661966370161283,30.14934478470157,0.0017297107084689452,27.620265259009,20,0
val_images,test005.png,4,rot45_padded,45.0,1000,1000,inpaint,pnp_hqs,restormer,15.0,vanilla,none,False,0,0,20,0.06824251807074985,11.65944956575946,0.07472320705463019,11.26544496838996,20,0
val_images,test005.png,4,rot45_padded,45.0,1000,1000,inpaint,red_gd,restormer,15.0,vanilla,none,False,0,0,20,0.0727761960909146,11.380106481163537,0.07472320705463019,11.26544496838996,20,0
val_images,test006.png,5,upright,0.0,321,481,blur,pnp_hqs,restormer,15.0,vanilla,none,False,0,0,20,0.0014523387394572412,28.379320781816052,0.0017334666667729241,27.61084505075232,20,0
val_images,test006.png,5,upright,0.0,321,481,blur,red_gd,restormer,15.0,vanilla,none,False,0,0,20,0.0007545950545531856,31.22286045394366,0.0017334666667729241,27.61084505075232,20,0
val_images,test006.png,5,upright,0.0,321,481,inpaint,pnp_hqs,restormer,15.0,vanilla,none,False,0,0,20,0.2144403513416364,6.686934898928746,0.24767959121054917,6.061097777896323,20,0
val_images,test006.png,5,upright,0.0,321,481,inpaint,red_gd,restormer,15.0,vanilla,none,False,0,0,20,0.24060241777093413,6.1870001282618485,0.24767959121054917,6.061097777896323,20,0
val_images,test006.png,5,rot45_padded,45.0,1000,1000,blur,pnp_hqs,restormer,15.0,vanilla,none,False,0,0,20,0.000361636869130272,34.41727299315088,0.0008156206021023431,30.88511812729161,20,0
val_images,test006.png,5,rot45_padded,45.0,1000,1000,blur,red_gd,restormer,15.0,vanilla,none,False,0,0,20,0.00032579145516101643,34.87060310528076,0.0008156206021023431,30.88511812729161,20,0
val_images,test006.png,5,rot45_padded,45.0,1000,1000,inpaint,pnp_hqs,restormer,15.0,vanilla,none,False,0,0,20,0.05888013480243556,12.300312043790003,0.06597497775126455,11.806207475649746,20,0
val_images,test006.png,5,rot45_padded,45.0,1000,1000,inpaint,red_gd,restormer,15.0,vanilla,none,False,0,0,20,0.06426727227255405,11.920101326727277,0.06597497775126455,11.806207475649746,20,0
val_images,test007.png,6,upright,0.0,321,481,blur,pnp_hqs,restormer,15.0,vanilla,none,False,0,0,20,0.004700382208527835,23.27866826254567,0.005374163276675872,22.69689143060618,20,0
val_images,test007.png,6,upright,0.0,321,481,blur,red_gd,restormer,15.0,vanilla,none,False,0,0,20,0.002659764432134102,25.751568259082596,0.005374163276675872,22.69689143060618,20,0
val_images,test007.png,6,upright,0.0,321,481,inpaint,pnp_hqs,restormer,15.0,vanilla,none,False,0,0,20,0.049291043618767044,13.07231986611484,0.060983744741776286,12.14785911050402,20,0
val_images,test007.png,6,upright,0.0,321,481,inpaint,red_gd,restormer,15.0,vanilla,none,False,0,0,20,0.05642141849793719,12.485559993915246,0.060983744741776286,12.14785911050402,20,0
val_images,test007.png,6,rot45_padded,45.0,1000,1000,blur,pnp_hqs,restormer,15.0,vanilla,none,False,0,0,20,0.001056077516985267,29.763042030489892,0.0015087330623452045,28.213875924348123,20,0
val_images,test007.png,6,rot45_padded,45.0,1000,1000,blur,red_gd,restormer,15.0,vanilla,none,False,0,0,20,0.0007125999076770255,31.47154238251297,0.0015087330623452045,28.213875924348123,20,0
val_images,test007.png,6,rot45_padded,45.0,1000,1000,inpaint,pnp_hqs,restormer,15.0,vanilla,none,False,0,0,20,0.011945939992753472,19.227796711460783,0.01636942178731507,17.85966660784357,20,0
val_images,test007.png,6,rot45_padded,45.0,1000,1000,inpaint,red_gd,restormer,15.0,vanilla,none,False,0,0,20,0.015746064221645848,18.028279815838548,0.01636942178731507,17.85966660784357,20,0
val_images,test008.png,7,upright,0.0,321,481,blur,pnp_hqs,restormer,15.0,vanilla,none,False,0,0,20,0.007431284156696686,21.28936131868244,0.008453167338517076,20.729805336653943,20,0
val_images,test008.png,7,upright,0.0,321,481,blur,red_gd,restormer,15.0,vanilla,none,False,0,0,20,0.005739393863093301,22.411339709842295,0.008453167338517076,20.729805336653943,20,0
val_images,test008.png,7,upright,0.0,321,481,inpaint,pnp_hqs,restormer,15.0,vanilla,none,False,0,0,20,0.042162300549785946,13.750757002428786,0.0555647940468326,12.552002910433913,20,0
val_images,test008.png,7,upright,0.0,321,481,inpaint,red_gd,restormer,15.0,vanilla,none,False,0,0,20,0.05077937784567457,12.943126244517739,0.0555647940468326,12.552002910433913,20,0
val_images,test008.png,7,rot45_padded,45.0,1000,1000,blur,pnp_hqs,restormer,15.0,vanilla,none,False,0,0,20,0.001923762282252908,27.158485944001605,0.00223864028672633,26.500156849114937,20,0
val_images,test008.png,7,rot45_padded,45.0,1000,1000,blur,red_gd,restormer,15.0,vanilla,none,False,0,0,20,0.001546644077420701,28.106096171323557,0.00223864028672633,26.500156849114937,20,0
val_images,test008.png,7,rot45_padded,45.0,1000,1000,inpaint,pnp_hqs,restormer,15.0,vanilla,none,False,0,0,20,0.009161568137804256,20.380301840496777,0.014997759417512992,18.239736172971572,20,0
val_images,test008.png,7,rot45_padded,45.0,1000,1000,inpaint,red_gd,restormer,15.0,vanilla,none,False,0,0,20,0.013982786110105129,18.54406285551037,0.014997759417512992,18.239736172971572,20,0
val_images,test009.png,8,upright,0.0,321,481,blur,pnp_hqs,restormer,15.0,vanilla,none,False,0,0,20,0.0029277965687889208,25.334591025186022,0.004317830636874518,23.64734396488437,20,0
val_images,test009.png,8,upright,0.0,321,481,blur,red_gd,restormer,15.0,vanilla,none,False,0,0,20,0.0020804836741058997,26.818356878371667,0.004317830636874518,23.64734396488437,20,0
val_images,test009.png,8,upright,0.0,321,481,inpaint,pnp_hqs,restormer,15.0,vanilla,none,False,0,0,20,0.04207376852218412,13.759885867448174,0.04984265238627826,13.023988546700295,20,0
val_images,test009.png,8,upright,0.0,321,481,inpaint,red_gd,restormer,15.0,vanilla,none,False,0,0,20,0.04684009001419194,13.293822790004155,0.04984265238627826,13.023988546700295,20,0
val_images,test009.png,8,rot45_padded,45.0,1000,1000,blur,pnp_hqs,restormer,15.0,vanilla,none,False,0,0,20,0.0008878422370330882,30.5166419826754,0.001162950342429803,29.34438829097128,20,0
val_images,test009.png,8,rot45_padded,45.0,1000,1000,blur,red_gd,restormer,15.0,vanilla,none,False,0,0,20,0.0005787594820502348,32.375018806938854,0.001162950342429803,29.34438829097128,20,0
val_images,test009.png,8,rot45_padded,45.0,1000,1000,inpaint,pnp_hqs,restormer,15.0,vanilla,none,False,0,0,20,0.008147238281425861,20.889895817383227,0.013177128346811269,18.80179223961817,20,0
val_images,test009.png,8,rot45_padded,45.0,1000,1000,inpaint,red_gd,restormer,15.0,vanilla,none,False,0,0,20,0.011998986801060747,19.20855424392865,0.013177128346811269,18.80179223961817,20,0
val_images,test010.png,9,upright,0.0,321,481,blur,pnp_hqs,restormer,15.0,vanilla,none,False,0,0,20,0.002859764156687072,25.436697814418558,0.0025661383342800363,25.907199355701614,20,0
val_images,test010.png,9,upright,0.0,321,481,blur,red_gd,restormer,15.0,vanilla,none,False,0,0,20,0.0014849264198127461,28.28295065714451,0.0025661383342800363,25.907199355701614,20,0
val_images,test010.png,9,upright,0.0,321,481,inpaint,pnp_hqs,restormer,15.0,vanilla,none,False,0,0,20,0.07148546793333592,11.457822356508284,0.08367187702395062,10.774204883108032,20,0
val_images,test010.png,9,upright,0.0,321,481,inpaint,red_gd,restormer,15.0,vanilla,none,False,0,0,20,0.07764917553359434,11.098631511796134,0.08367187702395062,10.774204883108032,20,0
val_images,test010.png,9,rot45_padded,45.0,1000,1000,blur,pnp_hqs,restormer,15.0,vanilla,none,False,0,0,20,0.0007908599873760843,31.01900396517758,0.0007996365800904494,30.971073469100332,20,0
val_images,test010.png,9,rot45_padded,45.0,1000,1000,blur,red_gd,restormer,15.0,vanilla,none,False,0,0,20,0.00041930716675116984,33.77467714620312,0.0007996365800904494,30.971073469100332,20,0
val_images,test010.png,9,rot45_padded,45.0,1000,1000,inpaint,pnp_hqs,restormer,15.0,vanilla,none,False,0,0,20,0.018579359813249027,17.309692545169355,0.02233217495362295,16.510689784798828,20,0
val_images,test010.png,9,rot45_padded,45.0,1000,1000,inpaint,red_gd,restormer,15.0,vanilla,none,False,0,0,20,0.02169921831020832,16.63555910837082,0.02233217495362295,16.510689784798828,20,0
